timestamp,anchorId,rtt_est,rtt_raw,dist_est,own_est,num_frames,frame_index,rssi,rtt,t1,t2,t3,t4
1623776549713844333,7c:df:a1:0e:db:f1,43,60,6.5,7.5,3,0,-79,65625,1621669764062,425346767187,425451223437,1621774285937
1623776549713844333,7c:df:a1:0e:db:f1,43,60,6.5,7.5,3,1,-80,56251,1653850764062,457527771875,457632223437,1653955271875
1623776549713844333,7c:df:a1:0e:db:f1,43,60,6.5,7.5,3,2,-80,60938,1686010776562,489687795312,489792223437,1686115265625
1623776550221292154,7c:df:a1:0f:74:e9,27,42,4.159999847412109,2.0,2,0,-77,42188,3180188626562,972085089062,972189223437,3180292803125
1623776550221292154,7c:df:a1:0f:74:e9,27,42,4.159999847412109,2.0,2,1,-78,42188,3213574626562,1005471192187,1005575223437,3213678700000
1623776550734440227,7c:df:a1:06:b9:dd,27,42,4.159999847412109,4.5,3,0,-78,35938,1155126242187,1453750021875,1453854223437,1155230479687
1623776550734440227,7c:df:a1:06:b9:dd,27,42,4.159999847412109,4.5,3,1,-78,45313,1187279242187,1485903078125,1486007223437,1187383432812
1623776550734440227,7c:df:a1:06:b9:dd,27,42,4.159999847412109,4.5,3,2,-78,46875,1219481242187,1518105135937,1518209223437,1219585376562
1623776551252277064,7c:df:a1:05:87:c7,35,51,5.329999923706055,7.5,3,0,-75,39063,2407160762500,1964025237500,1964129223437,2407264787500
1623776551252277064,7c:df:a1:05:87:c7,35,51,5.329999923706055,7.5,3,1,-75,57812,2437840762500,1994705264062,1994809223437,2437944779687
1623776551252277064,7c:df:a1:05:87:c7,35,51,5.329999923706055,7.5,3,2,-75,57813,2469999762500,2026864290625,2026968223437,2470103753125
1623776551766923805,7c:df:a1:0e:db:f1,39,56,5.980000019073486,7.5,3,0,-79,57813,3674248764062,2477926370312,2478030223437,3674352675000
1623776551766923805,7c:df:a1:0e:db:f1,39,56,5.980000019073486,7.5,3,1,-80,56251,3706411764062,2510089378125,2510193223437,3706515665625
1623776551766923805,7c:df:a1:0e:db:f1,39,56,5.980000019073486,7.5,3,2,-80,54688,3738648764062,2542326389062,2542430223437,3738752653125
1623776552281960970,7c:df:a1:0f:74:e9,31,46,4.679999828338623,2.0,3,0,-78,45313,5200789626562,2992692301562,2992796223437,5200893593750
1623776552281960970,7c:df:a1:0f:74:e9,31,46,4.679999828338623,2.0,3,1,-77,48438,5232950626562,3024853401562,3024957223437,5233054496875
1623776552281960970,7c:df:a1:0f:74:e9,31,46,4.679999828338623,2.0,3,2,-78,46876,5265671626562,3057574500000,3057678223437,5265775396875
1623776552796022045,7c:df:a1:06:b9:dd,26,41,4.03000020980835,4.5,3,0,-78,40626,3208697242187,3507324578125,3507428223437,3208800928125
1623776552796022045,7c:df:a1:06:b9:dd,26,41,4.03000020980835,4.5,3,1,-78,45313,3240870242187,3539497637500,3539601223437,3240973873437
1623776552796022045,7c:df:a1:06:b9:dd,26,41,4.03000020980835,4.5,3,2,-78,39063,3273087242187,3571714692187,3571818223437,3273190812500
1623776553308565899,7c:df:a1:05:87:c7,39,56,5.980000019073486,7.5,3,0,-75,59375,4465223762500,4022089910937,4022194223437,4465328134375
1623776553308565899,7c:df:a1:05:87:c7,39,56,5.980000019073486,7.5,3,1,-75,54687,4497415762500,4054281935937,4054386223437,4497520104687
1623776553308565899,7c:df:a1:05:87:c7,39,56,5.980000019073486,7.5,3,2,-75,54688,4529771762500,4086637962500,4086742223437,4529876078125
1623776553825274162,7c:df:a1:0e:db:f1,41,58,6.239999771118164,7.5,3,0,-79,56251,5733075764062,4536754031250,4536858223437,5733180012500
1623776553825274162,7c:df:a1:0e:db:f1,41,58,6.239999771118164,7.5,3,1,-79,56251,5765241764062,4568920040625,4569024223437,5765346003125
1623776553825274162,7c:df:a1:0e:db:f1,41,58,6.239999771118164,7.5,3,2,-80,64063,5797463764062,4601142056250,4601246223437,5797567995312
1623776554340239372,7c:df:a1:0f:74:e9,31,46,4.679999828338623,2.0,3,0,-78,45313,548717251562,5051512696875,5051616223437,548820823437
1623776554340239372,7c:df:a1:0f:74:e9,31,46,4.679999828338623,2.0,3,1,-77,50000,580903226562,5083698773437,5083803223437,581007726562
1623776554340239372,7c:df:a1:0f:74:e9,31,46,4.679999828338623,2.0,3,2,-77,45313,613107251562,5115902898437,5116007223437,613211621875
1623776554855358374,7c:df:a1:06:b9:dd,29,44,4.420000076293945,4.5,3,0,-78,40626,5267603242187,5566234168750,5566338223437,5267707337500
1623776554855358374,7c:df:a1:06:b9:dd,29,44,4.420000076293945,4.5,3,1,-78,45313,5299941242187,5598572225000,5598676223437,5300045285937
1623776554855358374,7c:df:a1:06:b9:dd,29,44,4.420000076293945,4.5,3,2,-79,46876,5331969242187,5630600281250,5630704223437,5332073231250
1623776555370206804,7c:df:a1:05:87:c7,39,55,5.849999904632568,7.5,3,0,-75,59375,6523534762500,6080402623437,6080506223437,6523638421875
1623776555370206804,7c:df:a1:05:87:c7,39,55,5.849999904632568,7.5,3,1,-75,51562,6555714762500,6112582645312,6112686223437,6555818392187
1623776555370206804,7c:df:a1:05:87:c7,39,55,5.849999904632568,7.5,3,2,-75,54688,6587904762500,6144772675000,6144876223437,6588008365625
1623776555885915428,7c:df:a1:0e:db:f1,45,63,6.889999866485596,7.5,3,0,-80,57813,1082267364062,6596832726562,6596936223437,1082370918750
1623776555885915428,7c:df:a1:0e:db:f1,45,63,6.889999866485596,7.5,3,1,-80,67188,1114421376562,6628986754687,6629091223437,1114525912500
1623776555885915428,7c:df:a1:0e:db:f1,45,63,6.889999866485596,7.5,3,2,-79,64063,1146786364062,6661351751562,6661455223437,1146889900000
1623776556397062495,7c:df:a1:0f:74:e9,26,40,3.9000000953674316,2.0,3,0,-77,43751,2608808226562,400723668750,400827823437,2608912425000
1623776556397062495,7c:df:a1:0f:74:e9,26,40,3.9000000953674316,2.0,3,1,-78,31251,2640992251562,432907793750,433011823437,2641096312500
1623776556397062495,7c:df:a1:0f:74:e9,26,40,3.9000000953674316,2.0,3,2,-78,45313,2673193226562,465108870312,465212823437,2673297225000
1623776556913530705,7c:df:a1:06:b9:dd,26,41,4.03000020980835,4.5,3,0,-78,40626,616822842187,915457375000,915561823437,616927331250
1623776556913530705,7c:df:a1:06:b9:dd,26,41,4.03000020980835,4.5,3,1,-79,39063,652138842187,950773437500,950877823437,652243267187
1623776556913530705,7c:df:a1:06:b9:dd,26,41,4.03000020980835,4.5,3,2,-79,43750,681227842187,979862485937,979966823437,681332223437
1623776557428164062,7c:df:a1:05:87:c7,38,54,5.71999979019165,7.5,3,0,-75,53125,1872756362500,1429625968750,1429729823437,1872860270312
1623776557428164062,7c:df:a1:05:87:c7,38,54,5.71999979019165,7.5,3,1,-75,54687,1905268362500,1462137998437,1462241823437,1905372242187
1623776557428164062,7c:df:a1:05:87:c7,38,54,5.71999979019165,7.5,3,2,-75,54687,1937107362500,1493977026562,1494080823437,1937211214062
1623776557942023837,7c:df:a1:0e:db:f1,41,58,6.239999771118164,7.5,3,0,-80,57813,3139673364062,1943353062500,1943456823437,3139777182812
1623776557942023837,7c:df:a1:0e:db:f1,41,58,6.239999771118164,7.5,3,1,-80,57813,3171852364062,1975532076562,1975635823437,3171956168750
1623776557942023837,7c:df:a1:0e:db:f1,41,58,6.239999771118164,7.5,3,2,-80,59376,3204035376562,2007715096875,2007818823437,3204139162500
1623776558452574152,7c:df:a1:0f:74:e9,31,46,4.679999828338623,2.0,2,0,-78,43750,4666178226562,2458100082812,2458203823437,4666282010937
1623776558452574152,7c:df:a1:0f:74:e9,31,46,4.679999828338623,2.0,2,1,-77,48438,4699935226562,2491857190625,2491960823437,4700038907812
1623776558963718403,7c:df:a1:06:b9:dd,28,43,4.289999961853027,4.5,3,0,-78,45313,2675053842187,2973691970312,2973795823437,2675157740625
1623776558963718403,7c:df:a1:06:b9:dd,28,43,4.289999961853027,4.5,3,1,-78,42188,2706428842187,3005067026562,3005170823437,2706532681250
1623776558963718403,7c:df:a1:06:b9:dd,28,43,4.289999961853027,4.5,3,2,-78,43751,2738594842187,3037233081250,3037336823437,2738698628125
1623776559481788408,7c:df:a1:05:87:c7,37,53,5.590000152587891,7.5,3,0,-75,53125,3925069362500,3481940742187,3482044823437,3925173496875
1623776559481788408,7c:df:a1:05:87:c7,37,53,5.590000152587891,7.5,3,1,-75,53125,3958490362500,3515361771875,3515465823437,3958594467187
1623776559481788408,7c:df:a1:05:87:c7,37,53,5.590000152587891,7.5,3,2,-76,53125,3990513362500,3547384803125,3547488823437,3990617435937
1623776559996387503,7c:df:a1:0e:db:f1,40,57,6.110000133514404,7.5,3,0,-80,60938,5194374376562,3998054868750,3998158823437,5194478392187
1623776559996387503,7c:df:a1:0e:db:f1,40,57,6.110000133514404,7.5,3,1,-80,51563,5226579364062,4030259873437,4030363823437,5226683365625
1623776559996387503,7c:df:a1:0e:db:f1,40,57,6.110000133514404,7.5,3,2,-79,59375,5258743376562,4062423895312,4062527823437,5258847364062
1623776560510527732,7c:df:a1:0f:74:e9,29,44,4.420000076293945,2.0,3,0,-77,43751,9142826562,4511957528125,4512061823437,9247165625
1623776560510527732,7c:df:a1:0f:74:e9,29,44,4.420000076293945,2.0,3,1,-78,45313,41331826562,4544146631250,4544250823437,41436064062
1623776560510527732,7c:df:a1:0f:74:e9,29,44,4.420000076293945,2.0,3,2,-77,43750,73515826562,4576330732812,4576434823437,73619960937
1623776561024296655,7c:df:a1:06:b9:dd,25,39,3.7699999809265137,4.0,3,0,-78,42188,4729471842187,5028113604687,5028217823437,4729576103125
1623776561024296655,7c:df:a1:06:b9:dd,25,39,3.7699999809265137,4.0,3,1,-79,35938,4760568842187,5059210656250,5059314823437,4760673045312
1623776561024296655,7c:df:a1:06:b9:dd,25,39,3.7699999809265137,4.0,3,2,-78,40626,4793842842187,5092484715625,5092588823437,4793946990625
1623776561537672129,7c:df:a1:05:87:c7,39,55,5.849999904632568,7.5,3,0,-75,56250,5983580362500,5540453578125,5540557823437,5983684664062
1623776561537672129,7c:df:a1:05:87:c7,39,55,5.849999904632568,7.5,3,1,-75,53125,6015864362500,5572737606250,5572841823437,6015968632812
1623776561537672129,7c:df:a1:05:87:c7,39,55,5.849999904632568,7.5,3,2,-75,56250,6048050375000,5604923648437,5605027823437,6048154606250
1623776562053127926,7c:df:a1:0e:db:f1,42,59,6.369999885559082,7.5,3,0,-80,57813,541999976562,6056567732812,6056671823437,542104125000
1623776562053127926,7c:df:a1:0e:db:f1,42,59,6.369999885559082,7.5,3,1,-80,64063,572749976562,6087317748437,6087421823437,572854115625
1623776562053127926,7c:df:a1:0e:db:f1,42,59,6.369999885559082,7.5,3,2,-80,56250,604936976562,6119504760937,6119608823437,605041095312
1623776562571972661,7c:df:a1:0f:74:e9,28,43,4.289999961853027,2.0,3,0,-78,45313,2068320826562,6571142009375,6571245823437,2068424685937
1623776562571972661,7c:df:a1:0f:74:e9,28,43,4.289999961853027,2.0,3,1,-77,43750,2099204851562,6602026129687,6602129823437,2099308589062
1623776562571972661,7c:df:a1:0f:74:e9,28,43,4.289999961853027,2.0,3,2,-77,42188,2131422826562,6634244207812,6634347823437,2131526484375
1623776563084834206,7c:df:a1:06:b9:dd,26,41,4.03000020980835,4.5,3,0,-78,42188,78537442187,377182892187,377286423437,78641015625
1623776563084834206,7c:df:a1:06:b9:dd,26,41,4.03000020980835,4.5,3,1,-78,42188,110699442187,409344951562,409448423437,110802956250
1623776563084834206,7c:df:a1:06:b9:dd,26,41,4.03000020980835,4.5,3,2,-78,40625,142975442187,441621010937,441725423437,143079895312
1623776563599262010,7c:df:a1:05:87:c7,38,54,5.71999979019165,7.5,3,0,-75,51562,1334981962500,891857057812,891961423437,1335086379687
1623776563599262010,7c:df:a1:05:87:c7,38,54,5.71999979019165,7.5,3,1,-76,56250,1367132975000,924008103125,924112423437,1367237351562
1623776563599262010,7c:df:a1:05:87:c7,38,54,5.71999979019165,7.5,3,2,-75,54687,1399374962500,956250120312,956354423437,1399479320312
1623776564114519935,7c:df:a1:0e:db:f1,43,60,6.5,7.5,3,0,-80,62500,2601617976562,1405300292187,1405404423437,2601722170312
1623776564114519935,7c:df:a1:0e:db:f1,43,60,6.5,7.5,3,1,-80,57813,2633816976562,1437499306250,1437603423437,2633921151562
1623776564114519935,7c:df:a1:0e:db:f1,43,60,6.5,7.5,3,2,-80,60938,2666016964062,1469699309375,1469803423437,2666121139062
1623776564628979033,7c:df:a1:0f:74:e9,28,43,4.289999961853027,2.0,3,0,-77,40625,4127835826562,1919777151562,1919881423437,4127940139062
1623776564628979033,7c:df:a1:0f:74:e9,28,43,4.289999961853027,2.0,3,1,-78,43750,4159969851562,1951911279687,1952015423437,4160074039062
1623776564628979033,7c:df:a1:0f:74:e9,28,43,4.289999961853027,2.0,3,2,-77,46876,4191898826562,1983840356250,1983944423437,4192002940625
1623776565143504695,7c:df:a1:06:b9:dd,32,47,4.809999942779541,4.5,3,0,-79,46875,2137197442187,2435846654687,2435950423437,2137301257812
1623776565143504695,7c:df:a1:06:b9:dd,32,47,4.809999942779541,4.5,3,1,-78,46875,2169585442187,2468234714062,2468338423437,2169689198437
1623776565143504695,7c:df:a1:06:b9:dd,32,47,4.809999942779541,4.5,3,2,-78,48438,2200034442187,2498683770312,2498787423437,2200138143750
1623776565659288553,7c:df:a1:05:87:c7,38,54,5.71999979019165,7.5,3,0,-75,59375,3392154975000,2949032000000,2949136423437,3392259457812
1623776565659288553,7c:df:a1:05:87:c7,38,54,5.71999979019165,7.5,3,1,-75,50000,3424382962500,2981260018750,2981364423437,3424487417187
1623776565659288553,7c:df:a1:05:87:c7,38,54,5.71999979019165,7.5,3,2,-75,54687,3456552962500,3013430048437,3013534423437,3456657392187
1623776566175295750,7c:df:a1:0e:db:f1,43,60,6.5,7.5,3,0,-80,64063,4661453976562,3465137331250,3465241423437,4661558132812
1623776566175295750,7c:df:a1:0e:db:f1,43,60,6.5,7.5,3,1,-79,60938,4693624976562,3497308346875,3497412423437,4693729114062
1623776566175295750,7c:df:a1:0e:db:f1,43,60,6.5,7.5,3,2,-80,57813,4725808976562,3529492359375,3529596423437,4725913098437
1623776566687962912,7c:df:a1:0f:74:e9,30,45,4.550000190734863,2.0,3,0,-77,48438,6187952826562,3979900731250,3980004423437,6188056567187
1623776566687962912,7c:df:a1:0f:74:e9,30,45,4.550000190734863,2.0,3,1,-77,42188,6222457826562,4014405842187,4014509423437,6222561450000
1623776566687962912,7c:df:a1:0f:74:e9,30,45,4.550000190734863,2.0,3,2,-78,45313,6252286826562,4044234937500,4044338423437,6252390357812
1623776567205176526,7c:df:a1:06:b9:dd,31,46,4.679999828338623,4.5,3,0,-78,48438,4195984442187,4494637450000,4494741423437,4196088464062
1623776567205176526,7c:df:a1:06:b9:dd,31,46,4.679999828338623,4.5,3,1,-78,46876,4228177442187,4526830506250,4526934423437,4228281406250
1623776567205176526,7c:df:a1:06:b9:dd,31,46,4.679999828338623,4.5,3,2,-79,43751,4260375442187,4559028565625,4559132423437,4260479343750
1623776567719784530,7c:df:a1:05:87:c7,39,56,5.980000019073486,7.5,3,0,-75,53125,5452795975000,5009674939062,5009778423437,5452899512500
1623776567719784530,7c:df:a1:05:87:c7,39,56,5.980000019073486,7.5,3,1,-75,59375,5485007962500,5041886960937,5041991423437,5485112484375
1623776567719784530,7c:df:a1:05:87:c7,39,56,5.980000019073486,7.5,3,2,-75,56250,5517191962500,5074070990625,5074175423437,5517296451562
1623776568232840286,7c:df:a1:0e:db:f1,40,57,6.110000133514404,7.5,3,0,-80,59376,9472576562,5524043434375,5524147423437,9576625000
1623776568232840286,7c:df:a1:0e:db:f1,40,57,6.110000133514404,7.5,3,1,-79,54688,41684564062,5556255435937,5556359423437,41788606250
1623776568232840286,7c:df:a1:0e:db:f1,40,57,6.110000133514404,7.5,3,2,-80,59375,73870564062,5588441457812,5588545423437,73974589062
1623776568748521790,7c:df:a1:0f:74:e9,30,45,4.550000190734863,4.5,3,0,-78,43750,1537000426562,6039841348437,6039945423437,1537104545312
1623776568748521790,7c:df:a1:0f:74:e9,30,45,4.550000190734863,4.5,3,1,-78,45313,1569243451562,6072084481250,6072188423437,1569347439062
1623776568748521790,7c:df:a1:0f:74:e9,30,45,4.550000190734863,4.5,3,2,-78,46875,1601462426562,6104303560937,6104407423437,1601566335937
1623776569262912757,7c:df:a1:06:b9:dd,28,43,4.289999961853027,4.5,3,0,-78,42188,6254714442187,6553371265625,6553475423437,6254818642187
1623776569262912757,7c:df:a1:06:b9:dd,28,43,4.289999961853027,4.5,3,1,-78,39063,6286914442187,6585571326562,6585675423437,6287018578125
1623776569262912757,7c:df:a1:06:b9:dd,28,43,4.289999961853027,4.5,3,2,-78,50000,6319100442187,6617757385937,6617861423437,6319204529687
1623776569773656317,7c:df:a1:05:87:c7,39,56,5.980000019073486,7.5,3,0,-75,54688,800613562500,357494493750,357598023437,800717146875
1623776569773656317,7c:df:a1:05:87:c7,39,56,5.980000019073486,7.5,3,1,-75,54688,832816562500,389697525000,389801023437,832920115625
1623776569773656317,7c:df:a1:05:87:c7,39,56,5.980000019073486,7.5,3,2,-75,59375,864984562500,421865556250,421970023437,865089089062
1623776570290700491,7c:df:a1:0e:db:f1,44,61,6.630000114440918,7.5,3,0,-79,65625,2070138576562,873824229687,873928023437,2070242435937
1623776570290700491,7c:df:a1:0e:db:f1,44,61,6.630000114440918,7.5,3,1,-80,60938,2102336564062,906022239062,906126023437,2102440409375
1623776570290700491,7c:df:a1:0e:db:f1,44,61,6.630000114440918,7.5,3,2,-80,57813,2134523564062,938209259375,938313023437,2134627385937
1623776570800181632,7c:df:a1:0f:74:e9,32,47,4.809999942779541,4.5,2,0,-78,45313,3626058426562,1418019728125,1418124023437,3626162767187
1623776570800181632,7c:df:a1:0f:74:e9,32,47,4.809999942779541,4.5,2,1,-78,50000,3659029451562,1450990864062,1451095023437,3659133660937
1623776571314849816,7c:df:a1:06:b9:dd,25,39,3.7699999809265137,4.0,3,0,-78,39063,1603083042187,1901743742187,1901848023437,1603187362500
1623776571314849816,7c:df:a1:06:b9:dd,25,39,3.7699999809265137,4.0,3,1,-78,39063,1635240042187,1933900803125,1934005023437,1635344301562
1623776571314849816,7c:df:a1:06:b9:dd,25,39,3.7699999809265137,4.0,3,2,-78,40625,1668371042187,1967031864062,1967136023437,1668475242187
1623776571829380950,7c:df:a1:05:87:c7,37,53,5.590000152587891,7.5,3,0,-75,53125,2852945562500,2409828540625,2409932023437,2853049098437
1623776571829380950,7c:df:a1:05:87:c7,37,53,5.590000152587891,7.5,3,1,-76,53125,2885152562500,2442035571875,2442140023437,2885257067187
1623776571829380950,7c:df:a1:05:87:c7,37,53,5.590000152587891,7.5,3,2,-75,54687,2917301575000,2474184620312,2474289023437,2917406032812
1623776572337156407,7c:df:a1:0e:db:f1,45,63,6.889999866485596,7.5,2,0,-79,60938,4119923564062,2923610557812,2923715023437,4120028090625
1623776572337156407,7c:df:a1:0e:db:f1,45,63,6.889999866485596,7.5,2,1,-79,65626,4152089564062,2955776581250,2955881023437,4152194071875
1623776572854204259,7c:df:a1:0f:74:e9,31,46,4.679999828338623,4.5,3,0,-78,43751,5647321451562,3439289418750,3439393023437,5647425100000
1623776572854204259,7c:df:a1:0f:74:e9,31,46,4.679999828338623,4.5,3,1,-79,50001,5679519426562,3471487506250,3471591023437,5679622993750
1623776572854204259,7c:df:a1:0f:74:e9,31,46,4.679999828338623,4.5,3,2,-78,45313,5711744426562,3503712610937,3503817023437,5711848884375
1623776573368727277,7c:df:a1:06:b9:dd,28,43,4.289999961853027,4.5,3,0,-78,46876,3648811042187,3947475681250,3947580023437,3648915431250
1623776573368727277,7c:df:a1:06:b9:dd,28,43,4.289999961853027,4.5,3,1,-78,40626,3680992042187,3979656743750,3979761023437,3681096362500
1623776573368727277,7c:df:a1:06:b9:dd,28,43,4.289999961853027,4.5,3,2,-78,43751,3713159042187,4011823803125,4011928023437,3713263306250
1623776573883800480,7c:df:a1:05:87:c7,39,56,5.980000019073486,7.5,3,0,-75,57812,4905232562500,4462117692187,4462222023437,4905336951562
1623776573883800480,7c:df:a1:05:87:c7,39,56,5.980000019073486,7.5,3,1,-75,56250,4937399575000,4494284739062,4494389023437,4937503915625
1623776573883800480,7c:df:a1:05:87:c7,39,56,5.980000019073486,7.5,3,2,-75,56250,4970537562500,4527422762500,4527527023437,4970641879687
1623776574397485130,7c:df:a1:0e:db:f1,42,59,6.369999885559082,7.5,3,0,-80,56250,6173250564062,4976939039062,4977043023437,6173354604687
1623776574397485130,7c:df:a1:0e:db:f1,42,59,6.369999885559082,7.5,3,1,-79,60938,6205441564062,5009130064062,5009234023437,6205545584375
1623776574397485130,7c:df:a1:0e:db:f1,42,59,6.369999885559082,7.5,3,2,-80,60938,6237685564062,5041374085937,5041478023437,6237789562500
1623776574909510785,7c:df:a1:0f:74:e9,30,45,4.550000190734863,2.0,3,0,-78,40625,988669026562,5491530232812,5491634023437,988772857812
1623776574909510785,7c:df:a1:0f:74:e9,30,45,4.550000190734863,2.0,3,1,-77,46876,1020850026562,5523711340625,5523815023437,1020953756250
1623776574909510785,7c:df:a1:0f:74:e9,30,45,4.550000190734863,2.0,3,2,-78,48438,1053090026562,5555951451562,5556055023437,1053193646875
1623776575426222552,7c:df:a1:06:b9:dd,29,44,4.420000076293945,4.5,3,0,-78,45313,5707556042187,6006224685937,6006329023437,5707660425000
1623776575426222552,7c:df:a1:06:b9:dd,29,44,4.420000076293945,4.5,3,1,-78,43750,5739909042187,6038577745312,6038682023437,5740013364062
1623776575426222552,7c:df:a1:06:b9:dd,29,44,4.420000076293945,4.5,3,2,-78,45313,5771945042187,6070613807812,6070718023437,5772049303125
1623776575940268607,7c:df:a1:05:87:c7,40,57,6.110000133514404,7.5,3,0,-75,59375,252937162500,6520710907812,6520815023437,253041337500
1623776575940268607,7c:df:a1:05:87:c7,40,57,6.110000133514404,7.5,3,1,-75,56250,285140162500,6552913943750,6553018023437,285244298437
1623776575940268607,7c:df:a1:05:87:c7,40,57,6.110000133514404,7.5,3,2,-75,57812,317649175000,6585422992187,6585527023437,317753264062
1623776576454119471,7c:df:a1:0e:db:f1,41,58,6.239999771118164,7.5,3,0,-80,53126,1520817164062,324507209375,324611623437,1520921631250
1623776576454119471,7c:df:a1:0e:db:f1,41,58,6.239999771118164,7.5,3,1,-80,60938,1552994164062,356684235937,356788623437,1553098612500
1623776576454119471,7c:df:a1:0e:db:f1,41,58,6.239999771118164,7.5,3,2,-79,62500,1585188176562,388878273437,388982623437,1585292589062
1623776576962527311,7c:df:a1:0f:74:e9,31,46,4.679999828338623,4.5,2,0,-78,46876,3046672026562,838653715625,838757623437,3046775981250
1623776576962527311,7c:df:a1:0f:74:e9,31,46,4.679999828338623,4.5,2,1,-78,46876,3111092026562,903073928125,903177623437,3111195768750
1623776577477865343,7c:df:a1:06:b9:dd,25,39,3.7699999809265137,4.0,3,0,-78,39063,1054219642187,1352892321875,1352996623437,1054323982812
1623776577477865343,7c:df:a1:06:b9:dd,25,39,3.7699999809265137,4.0,3,1,-78,40625,1086360642187,1385033385937,1385137623437,1086464920312
1623776577477865343,7c:df:a1:06:b9:dd,25,39,3.7699999809265137,4.0,3,2,-78,39063,1118585642187,1417258448437,1417362623437,1118689856250
1623776577990888704,7c:df:a1:05:87:c7,39,56,5.980000019073486,7.5,3,0,-75,54688,2304618162500,1861507778125,1861611623437,2304722062500
1623776577990888704,7c:df:a1:05:87:c7,39,56,5.980000019073486,7.5,3,1,-75,60938,2336819162500,1893708815625,1893812623437,2336923031250
1623776577990888704,7c:df:a1:05:87:c7,39,56,5.980000019073486,7.5,3,2,-75,54688,2369034162500,1925923850000,1926027623437,2369137990625
1623776578508617462,7c:df:a1:0e:db:f1,44,61,6.630000114440918,7.5,3,0,-79,60938,3572578164062,2376269848437,2376373623437,3572682000000
1623776578508617462,7c:df:a1:0e:db:f1,44,61,6.630000114440918,7.5,3,1,-79,65626,3604755164062,2408446875000,2408550623437,3604858978125
1623776578508617462,7c:df:a1:0e:db:f1,44,61,6.630000114440918,7.5,3,2,-80,59376,3636990164062,2440681903125,2440785623437,3637093943750
1623776579023011399,7c:df:a1:0f:74:e9,29,44,4.420000076293945,4.5,3,0,-79,43751,5100679026562,2892667615625,2892771623437,5100783078125
1623776579023011399,7c:df:a1:0f:74:e9,29,44,4.420000076293945,4.5,3,1,-78,43751,5132877051562,2924865750000,2924969623437,5132980968750
1623776579023011399,7c:df:a1:0f:74:e9,29,44,4.420000076293945,4.5,3,2,-78,45313,5165066026562,2957054834375,2957158623437,5165169860937
1623776579538800562,7c:df:a1:06:b9:dd,28,43,4.289999961853027,2.0,3,0,-78,40625,3108689642187,3407366385937,3407470623437,3108793920312
1623776579538800562,7c:df:a1:06:b9:dd,28,43,4.289999961853027,2.0,3,1,-77,48438,3140850642187,3439527448437,3439631623437,3140954865625
1623776579538800562,7c:df:a1:06:b9:dd,28,43,4.289999961853027,2.0,3,2,-78,42188,3173066642187,3471743512500,3471847623437,3173170795312
1623776580054031273,7c:df:a1:05:87:c7,39,56,5.980000019073486,7.5,3,0,-75,54687,4365186162500,3922078107812,3922181623437,4365289732812
1623776580054031273,7c:df:a1:05:87:c7,39,56,5.980000019073486,7.5,3,1,-75,59375,4397444162500,3954336146875,3954439623437,4397547698437
1623776580054031273,7c:df:a1:05:87:c7,39,56,5.980000019073486,7.5,3,2,-75,54687,4429629162500,3986521182812,3986625623437,4429733657812
1623776580566092339,7c:df:a1:0e:db:f1,45,63,6.889999866485596,7.5,3,0,-80,60938,5635061164062,4438754557812,4438858623437,5635165290625
1623776580566092339,7c:df:a1:0e:db:f1,45,63,6.889999866485596,7.5,3,1,-80,64063,5668604164062,4472297585937,4472401623437,5668708265625
1623776580566092339,7c:df:a1:0e:db:f1,45,63,6.889999866485596,7.5,3,2,-80,64063,5699452164062,4503145607812,4503249623437,5699556243750
1623776581081297314,7c:df:a1:0f:74:e9,29,44,4.420000076293945,4.5,3,0,-78,46875,449076626562,4951958579687,4952062623437,449180717187
1623776581081297314,7c:df:a1:0f:74:e9,29,44,4.420000076293945,4.5,3,1,-78,43751,481618626562,4984500687500,4984604623437,481722606250
1623776581081297314,7c:df:a1:0f:74:e9,29,44,4.420000076293945,4.5,3,2,-78,43750,513445626562,5016327798437,5016431623437,513549495312
1623776581596112619,7c:df:a1:06:b9:dd,30,45,4.550000190734863,4.5,3,0,-78,40626,5170078642187,5468759506250,5468863623437,5170182800000
1623776581596112619,7c:df:a1:06:b9:dd,30,45,4.550000190734863,4.5,3,1,-78,46876,5216966642187,5515647596875,5515751623437,5217070715625
1623776581596112619,7c:df:a1:06:b9:dd,30,45,4.550000190734863,4.5,3,2,-78,48438,5234416642187,5533097637500,5533201623437,5234520676562
1623776582110677256,7c:df:a1:05:87:c7,39,55,5.849999904632568,7.5,3,0,-75,59375,6423873175000,5980767540625,5980871623437,6423977317187
1623776582110677256,7c:df:a1:05:87:c7,39,55,5.849999904632568,7.5,3,1,-75,54687,6458844175000,6015738579687,6015842623437,6458948273437
1623776582110677256,7c:df:a1:05:87:c7,39,55,5.849999904632568,7.5,3,2,-76,53125,6489459175000,6046353617187,6046457623437,6489563234375
1623776582626091044,7c:df:a1:0e:db:f1,43,60,6.5,7.5,3,0,-80,64063,980875764062,6495457370312,6495561623437,980980081250
1623776582626091044,7c:df:a1:0e:db:f1,43,60,6.5,7.5,3,1,-80,54688,1013064776562,6527646409375,6527750623437,1013169045312
1623776582626091044,7c:df:a1:0e:db:f1,43,60,6.5,7.5,3,2,-79,64063,1045691776562,6560273440625,6560377623437,1045796023437
1623776583137622887,7c:df:a1:0f:74:e9,29,44,4.420000076293945,4.5,3,0,-78,48438,2509153626562,301156210937,301260223437,2509257687500
1623776583137622887,7c:df:a1:0f:74:e9,29,44,4.420000076293945,4.5,3,1,-78,45313,2539618626562,331621312500,331725223437,2539722582812
1623776583137622887,7c:df:a1:0f:74:e9,29,44,4.420000076293945,4.5,3,2,-78,39063,2574677626562,366680431250,366784223437,2574781457812
1623776583653213317,7c:df:a1:06:b9:dd,29,44,4.420000076293945,4.5,3,0,-78,45313,515353242187,814038282812,814142223437,515457228125
1623776583653213317,7c:df:a1:06:b9:dd,29,44,4.420000076293945,4.5,3,1,-78,37501,548340242187,847025346875,847129223437,548444156250
1623776583653213317,7c:df:a1:06:b9:dd,29,44,4.420000076293945,4.5,3,2,-78,50001,584934242187,883619428125,883723223437,585038087500
1623776584167939536,7c:df:a1:05:87:c7,41,58,6.239999771118164,7.5,3,0,-76,60937,1771252775000,1328149639062,1328253223437,1771356420312
1623776584167939536,7c:df:a1:05:87:c7,41,58,6.239999771118164,7.5,3,1,-75,54687,1805799762500,1362696667187,1362800223437,1805903373437
1623776584167939536,7c:df:a1:05:87:c7,41,58,6.239999771118164,7.5,3,2,-75,60937,1835645775000,1392542717187,1392646223437,1835749342187
1623776584682443888,7c:df:a1:0e:db:f1,44,61,6.630000114440918,7.5,3,0,-79,60938,3039607776562,1843304881250,1843409223437,3039712179687
1623776584682443888,7c:df:a1:0e:db:f1,44,61,6.630000114440918,7.5,3,1,-79,60938,3070344776562,1874041912500,1874146223437,3070449148437
1623776584682443888,7c:df:a1:0e:db:f1,44,61,6.630000114440918,7.5,3,2,-80,62500,3103333764062,1907030932812,1907135223437,3103438117187
1623776585198165802,7c:df:a1:0f:74:e9,31,46,4.679999828338623,4.5,3,0,-78,48438,4564546626562,2356556254687,2356660223437,4564650643750
1623776585198165802,7c:df:a1:0f:74:e9,31,46,4.679999828338623,4.5,3,1,-78,45313,4596696651562,2388706387500,2388810223437,4596800532812
1623776585198165802,7c:df:a1:0f:74:e9,31,46,4.679999828338623,4.5,3,2,-78,45313,4633444626562,2425454487500,2425558223437,4633548407812
1623776585711052394,7c:df:a1:06:b9:dd,27,42,4.159999847412109,4.5,3,0,-78,45313,2578900242187,2877589537500,2877693223437,2579003973437
1623776585711052394,7c:df:a1:06:b9:dd,27,42,4.159999847412109,4.5,3,1,-78,39063,2606626242187,2905315598437,2905419223437,2606729906250
1623776585711052394,7c:df:a1:06:b9:dd,27,42,4.159999847412109,4.5,3,2,-78,42188,2638820242187,2937509665625,2937613223437,2638923842187
1623776586228290553,7c:df:a1:05:87:c7,39,55,5.849999904632568,7.5,3,0,-75,54687,3829933762500,3386833176562,3386937223437,3830037864062
1623776586228290553,7c:df:a1:05:87:c7,39,55,5.849999904632568,7.5,3,1,-75,57812,3863133762500,3420033217187,3420137223437,3863237826562
1623776586228290553,7c:df:a1:05:87:c7,39,55,5.849999904632568,7.5,3,2,-75,54688,3903544762500,3460444268750,3460548223437,3903648771875
1623776586746006582,7c:df:a1:0e:db:f1,42,59,6.369999885559082,7.5,3,0,-80,65626,5097786764062,3901485856250,3901590223437,5097891196875
1623776586746006582,7c:df:a1:0e:db:f1,42,59,6.369999885559082,7.5,3,1,-80,56251,5130015764062,3933714887500,3933819223437,5130120156250
1623776586746006582,7c:df:a1:0e:db:f1,42,59,6.369999885559082,7.5,3,2,-79,57813,5164448764062,3968147921875,3968252223437,5164553123437
1623776587260432096,7c:df:a1:0f:74:e9,29,44,4.420000076293945,2.0,3,0,-78,46876,6626906651562,4418923387500,4419027223437,6627010534375
1623776587260432096,7c:df:a1:0f:74:e9,29,44,4.420000076293945,2.0,3,1,-77,40626,6659228626562,4451245468750,4451349223437,6659332421875
1623776587260432096,7c:df:a1:0f:74:e9,29,44,4.420000076293945,2.0,3,2,-78,45313,6691402626562,4483419584375,4483523223437,6691506310937
1623776587775168201,7c:df:a1:06:b9:dd,29,44,4.420000076293945,4.5,3,0,-79,46875,4635727242187,4934420854687,4934525223437,4635831657812
1623776587775168201,7c:df:a1:06:b9:dd,29,44,4.420000076293945,4.5,3,1,-78,39063,4668046242187,4966739923437,4966844223437,4668150581250
1623776587775168201,7c:df:a1:06:b9:dd,29,44,4.420000076293945,4.5,3,2,-78,46875,4720945242187,5019639035937,5019743223437,4721049476562
1623776588288727377,7c:df:a1:05:87:c7,39,56,5.980000019073486,7.5,3,0,-75,54687,5892795762500,5449697782812,5449802223437,5892900257812
1623776588288727377,7c:df:a1:05:87:c7,39,56,5.980000019073486,7.5,3,1,-76,56250,5924426762500,5481328823437,5481433223437,5924531218750
1623776588288727377,7c:df:a1:05:87:c7,39,56,5.980000019073486,7.5,3,2,-75,57813,5956587775000,5513489878125,5513594223437,5956692178125
1623776588804983033,7c:df:a1:0e:db:f1,44,61,6.630000114440918,7.5,3,0,-80,57813,450480376562,5965067943750,5965172223437,450584714062
1623776588804983033,7c:df:a1:0e:db:f1,44,61,6.630000114440918,7.5,3,1,-79,59375,482687364062,5997274960937,5997379223437,482791685937
1623776588804983033,7c:df:a1:0e:db:f1,44,61,6.630000114440918,7.5,3,2,-80,67188,514877364062,6029465003125,6029569223437,514981651562
1623776589320947612,7c:df:a1:0f:74:e9,31,46,4.679999828338623,4.5,3,0,-78,48438,1976891226562,6479801517187,6479905223437,1976994981250
1623776589320947612,7c:df:a1:0f:74:e9,31,46,4.679999828338623,4.5,3,1,-78,48438,2009056226562,6511966628125,6512070223437,2009159870312
1623776589320947612,7c:df:a1:0f:74:e9,31,46,4.679999828338623,4.5,3,2,-78,43751,2041246226562,6544156737500,6544260223437,2041349756250
1623776589833984858,7c:df:a1:06:b9:dd,28,43,4.289999961853027,4.5,3,0,-78,39063,6696821242187,284632853125,284736823437,6696925251562
1623776589833984858,7c:df:a1:06:b9:dd,28,43,4.289999961853027,4.5,3,1,-78,48438,18118842187,316816928125,316920823437,18222785937
1623776589833984858,7c:df:a1:06:b9:dd,28,43,4.289999961853027,4.5,3,2,-78,43751,50306842187,349004993750,349108823437,50410715625
1623776590347989325,7c:df:a1:05:87:c7,40,57,6.110000133514404,7.5,3,0,-75,59375,1240793375000,797698067187,797801823437,1240897190625
1623776590347989325,7c:df:a1:05:87:c7,40,57,6.110000133514404,7.5,3,1,-75,56250,1272983362500,829888095312,829991823437,1273087146875
1623776590347989325,7c:df:a1:05:87:c7,40,57,6.110000133514404,7.5,3,2,-75,56250,1305177362500,862082137500,862185823437,1305281104687
1623776590861788468,7c:df:a1:0e:db:f1,43,60,6.5,7.5,3,0,-79,57813,2508070376562,1311773676562,1311877823437,2508174581250
1623776590861788468,7c:df:a1:0e:db:f1,43,60,6.5,7.5,3,1,-79,59376,2540268376562,1343971709375,1344075823437,2540372550000
1623776590861788468,7c:df:a1:0e:db:f1,43,60,6.5,7.5,3,2,-79,64063,2572439376562,1376142746875,1376246823437,2572543517187
1623776591380919404,7c:df:a1:0f:74:e9,30,45,4.550000190734863,4.5,3,0,-78,48438,4035286226562,1827317265625,1827420823437,4035389832812
1623776591380919404,7c:df:a1:0f:74:e9,30,45,4.550000190734863,4.5,3,1,-78,43750,4067454226562,1859485373437,1859589823437,4067558720312
1623776591380919404,7c:df:a1:0f:74:e9,30,45,4.550000190734863,4.5,3,2,-78,45313,4099664226562,1891695482812,1891799823437,4099768612500
1623776591899660928,7c:df:a1:06:b9:dd,34,50,5.199999809265137,7.5,3,0,-78,50000,2045965842187,2344668270312,2344771823437,2046069445312
1623776591899660928,7c:df:a1:06:b9:dd,34,50,5.199999809265137,7.5,3,1,-78,42188,2078123842187,2376826335937,2376929823437,2078227371875
1623776591899660928,7c:df:a1:06:b9:dd,34,50,5.199999809265137,7.5,3,2,-79,57813,2112449842187,2411152410937,2411256823437,2112554312500
1623776592413649428,7c:df:a1:05:87:c7,40,57,6.110000133514404,7.5,3,0,-75,59375,3303824375000,2860731750000,2860835823437,3303928507812
1623776592413649428,7c:df:a1:05:87:c7,40,57,6.110000133514404,7.5,3,1,-75,57813,3336043362500,2892950778125,2893054823437,3336147465625
1623776592413649428,7c:df:a1:05:87:c7,40,57,6.110000133514404,7.5,3,2,-75,54687,3368432375000,2925339832812,2925443823437,3368536420312
1623776592927625167,7c:df:a1:0e:db:f1,40,57,6.110000133514404,7.5,3,0,-80,59375,4572076364062,3375781820312,3375885823437,4572180426562
1623776592927625167,7c:df:a1:0e:db:f1,40,57,6.110000133514404,7.5,3,1,-80,53126,4604349364062,3408054850000,3408158823437,4604453390625
1623776592927625167,7c:df:a1:0e:db:f1,40,57,6.110000133514404,7.5,3,2,-80,59375,4637255364062,3440960889062,3441064823437,4637359357812
1623776593439801201,7c:df:a1:0f:74:e9,32,47,4.809999942779541,4.5,3,0,-78,50000,6098178251562,3890216439062,3890320823437,6098282685937
1623776593439801201,7c:df:a1:0f:74:e9,32,47,4.809999942779541,4.5,3,1,-78,45313,6135454226562,3927492542187,3927596823437,6135558553125
1623776593439801201,7c:df:a1:0f:74:e9,32,47,4.809999942779541,4.5,3,2,-78,46875,6162573226562,3954611635937,3954715823437,6162677460937
1623776593956492785,7c:df:a1:06:b9:dd,26,41,4.03000020980835,4.5,3,0,-78,39063,4106215842187,4404922668750,4405026823437,4106320035937
1623776593956492785,7c:df:a1:06:b9:dd,26,41,4.03000020980835,4.5,3,1,-78,43750,4138381842187,4437088742187,4437192823437,4138485967187
1623776593956492785,7c:df:a1:06:b9:dd,26,41,4.03000020980835,4.5,3,2,-78,42188,4172308842187,4471015812500,4471119823437,4172412895312
1623776594471067710,7c:df:a1:05:87:c7,39,55,5.849999904632568,7.5,3,0,-75,56250,5363550362500,4920460393750,4920564823437,5363654848437
1623776594471067710,7c:df:a1:05:87:c7,39,55,5.849999904632568,7.5,3,1,-75,53125,5395207375000,4952117445312,4952221823437,5395311806250
1623776594471067710,7c:df:a1:05:87:c7,39,55,5.849999904632568,7.5,3,2,-75,57812,5427107362500,4984017476562,4984121823437,5427211767187
1623776599997178063,7c:df:a1:0f:74:e9,39,56,5.980000019073486,7.5,3,0,-75,57813,4185610962500,3043707503125,3043811023437,4185714540625
1623776599997178063,7c:df:a1:0f:74:e9,39,56,5.980000019073486,7.5,3,1,-75,56250,4217785962500,3075882540625,3075986023437,4217889501562
1623776599997178063,7c:df:a1:0f:74:e9,39,56,5.980000019073486,7.5,3,2,-75,56250,4250059975000,3108156593750,3108261023437,4250164460937
1623776600507807707,7c:df:a1:0e:db:f1,26,41,4.03000020980835,4.5,3,0,-78,45313,3948615442187,3548515818750,3548620023437,3948719692187
1623776600507807707,7c:df:a1:0e:db:f1,26,41,4.03000020980835,4.5,3,1,-78,42188,3980801442187,3580701889062,3580806023437,3980905618750
1623776600507807707,7c:df:a1:0e:db:f1,26,41,4.03000020980835,4.5,3,2,-78,35938,4013810442187,3613710953125,3613815023437,4013914548437
1623776601024255086,7c:df:a1:05:87:c7,31,46,4.679999828338623,4.5,3,0,-78,48438,259565426562,4063695750000,4063800023437,259669748437
1623776601024255086,7c:df:a1:05:87:c7,31,46,4.679999828338623,4.5,3,1,-78,45313,291865451562,4095995884375,4096100023437,291969635937
1623776601024255086,7c:df:a1:05:87:c7,31,46,4.679999828338623,4.5,3,2,-78,45313,323964426562,4128094970312,4128199023437,324068525000
1623776601540246562,7c:df:a1:06:b9:dd,44,61,6.630000114440918,7.5,3,0,-80,62500,6473552964062,4578447014062,4578551023437,6473657035937
1623776601540246562,7c:df:a1:06:b9:dd,44,61,6.630000114440918,7.5,3,1,-79,64063,6505708964062,4610603046875,4610707023437,6505813004687
1623776601540246562,7c:df:a1:06:b9:dd,44,61,6.630000114440918,7.5,3,2,-79,57813,6537943964062,4642838073437,4642942023437,6538047971875
1623776602054087276,7c:df:a1:0f:74:e9,39,55,5.849999904632568,7.5,3,0,-74,56250,6234539962500,5092638956250,5092743023437,6234644085937
1623776602054087276,7c:df:a1:0f:74:e9,39,55,5.849999904632568,7.5,3,1,-75,54688,6266805975000,5124905003125,5125009023437,6266910050000
1623776602054087276,7c:df:a1:0f:74:e9,39,55,5.849999904632568,7.5,3,2,-75,56250,6298978975000,5157078042187,5157182023437,6299083012500
1623776602569179426,7c:df:a1:0e:db:f1,26,40,3.9000000953674316,4.5,3,0,-78,35938,6007466442187,5607371151562,5607475023437,6007570350000
1623776602569179426,7c:df:a1:0e:db:f1,26,40,3.9000000953674316,4.5,3,1,-78,43751,6039618442187,5639523218750,5639627023437,6039722290625
1623776602569179426,7c:df:a1:0e:db:f1,26,40,3.9000000953674316,4.5,3,2,-78,42188,6071828442187,5671733284375,5671837023437,6071932223437
1623776603087141197,7c:df:a1:05:87:c7,29,44,4.420000076293945,4.5,3,0,-78,48438,2317988426562,6122125793750,6122230023437,2318092704687
1623776603087141197,7c:df:a1:05:87:c7,29,44,4.420000076293945,4.5,3,1,-78,40625,2350278426562,6154415898437,6154520023437,2350382592187
1623776603087141197,7c:df:a1:05:87:c7,29,44,4.420000076293945,4.5,3,2,-78,45313,2382377426562,6186515009375,6186619023437,2382481485937
1623776603603797936,7c:df:a1:06:b9:dd,45,62,6.760000228881836,7.5,3,0,-80,67188,1826899576562,6642682146875,6642786023437,1827003520312
1623776603603797936,7c:df:a1:06:b9:dd,45,62,6.760000228881836,7.5,3,1,-80,64063,1859075576562,6674858178125,6674962023437,1859179485937
1623776603603797936,7c:df:a1:06:b9:dd,45,62,6.760000228881836,7.5,3,2,-79,56250,1891301564062,6707084195312,6707188023437,1891405448437
1623776604117433410,7c:df:a1:0f:74:e9,38,54,5.71999979019165,7.5,3,0,-75,54687,1588393562500,446494970312,446598623437,1588497270312
1623776604117433410,7c:df:a1:0f:74:e9,38,54,5.71999979019165,7.5,3,1,-75,56250,1620565562500,478667004687,478770623437,1620669237500
1623776604117433410,7c:df:a1:0f:74:e9,38,54,5.71999979019165,7.5,3,2,-75,53125,1652778562500,510880042187,510983623437,1652882196875
1623776604632470515,7c:df:a1:0e:db:f1,28,43,4.289999961853027,2.0,3,0,-77,40625,1362026042187,961935070312,962038623437,1362129635937
1623776604632470515,7c:df:a1:0e:db:f1,28,43,4.289999961853027,2.0,3,1,-78,46876,1394322042187,994231137500,994334623437,1394425575000
1623776604632470515,7c:df:a1:0e:db:f1,28,43,4.289999961853027,2.0,3,2,-78,42188,1426508042187,1026417204687,1026521623437,1426612503125
1623776605146196067,7c:df:a1:05:87:c7,32,47,4.809999942779541,4.5,3,0,-78,45313,4382264426562,1475522432812,1475626623437,4382368662500
1623776605146196067,7c:df:a1:05:87:c7,32,47,4.809999942779541,4.5,3,1,-78,48438,4414447426562,1507705545312,1507809623437,4414551553125
1623776605146196067,7c:df:a1:05:87:c7,32,47,4.809999942779541,4.5,3,2,-78,50001,4446645426562,1539903653125,1540007623437,4446749446875
1623776605661096797,7c:df:a1:06:b9:dd,42,59,6.369999885559082,7.5,3,0,-79,60938,3884942564062,1989840823437,1989944623437,3885046425000
1623776605661096797,7c:df:a1:06:b9:dd,42,59,6.369999885559082,7.5,3,1,-80,60938,3917903564062,2022801860937,2022905623437,3918007387500
1623776605661096797,7c:df:a1:06:b9:dd,42,59,6.369999885559082,7.5,3,2,-80,56250,3949585564062,2054483889062,2054587623437,3949689354687
1623776606173457923,7c:df:a1:0f:74:e9,36,52,5.460000038146973,7.5,3,0,-75,54688,3646411575000,2504515337500,2504619623437,3646515915625
1623776606173457923,7c:df:a1:0f:74:e9,36,52,5.460000038146973,7.5,3,1,-75,53125,3678606562500,2536710362500,2536814623437,3678710876562
1623776606173457923,7c:df:a1:0f:74:e9,36,52,5.460000038146973,7.5,3,2,-75,48437,3710823562500,2568927398437,2569031623437,3710927835937
1623776606690375279,7c:df:a1:0e:db:f1,29,44,4.420000076293945,4.5,3,0,-78,51563,3419320042187,3019233359375,3019337623437,3419424357812
1623776606690375279,7c:df:a1:0e:db:f1,29,44,4.420000076293945,4.5,3,1,-78,37500,3451538042187,3051451420312,3051555623437,3451642282812
1623776606690375279,7c:df:a1:0e:db:f1,29,44,4.420000076293945,4.5,3,2,-78,45313,3483725042187,3083638490625,3083742623437,3483829220312
1623776607204920148,7c:df:a1:05:87:c7,31,46,4.679999828338623,4.5,3,0,-78,46876,6440656426562,3533921453125,3534025623437,6440760643750
1623776607204920148,7c:df:a1:05:87:c7,31,46,4.679999828338623,4.5,3,1,-78,45313,6472842426562,3566107562500,3566211623437,6472946532812
1623776607204920148,7c:df:a1:05:87:c7,31,46,4.679999828338623,4.5,3,2,-78,48438,6505129426562,3598394670312,3598498623437,6505233428125
1623776607720599431,7c:df:a1:06:b9:dd,44,61,6.630000114440918,7.5,3,0,-79,56250,5943701564062,4048601914062,4048705623437,5943805329687
1623776607720599431,7c:df:a1:06:b9:dd,44,61,6.630000114440918,7.5,3,1,-80,68751,5975948564062,4080848950000,4080952623437,5976052306250
1623776607720599431,7c:df:a1:06:b9:dd,44,61,6.630000114440918,7.5,3,2,-80,60938,6008087564062,4112987978125,4113091623437,6008191270312
1623776608235878619,7c:df:a1:0f:74:e9,41,58,6.239999771118164,7.5,3,0,-75,57813,5705380575000,4563486684375,4563590623437,5705484571875
1623776608235878619,7c:df:a1:0f:74:e9,41,58,6.239999771118164,7.5,3,1,-75,60937,5737567562500,4595673707812,4595777623437,5737671539062
1623776608235878619,7c:df:a1:0f:74:e9,41,58,6.239999771118164,7.5,3,2,-75,57812,5769780562500,4627886745312,4627990623437,5769884498437
1623776608749657143,7c:df:a1:0e:db:f1,28,43,4.289999961853027,4.5,3,0,-78,40625,5479903042187,5079820645312,5079924623437,5480007060937
1623776608749657143,7c:df:a1:0e:db:f1,28,43,4.289999961853027,4.5,3,1,-78,42188,5512063042187,5111980710937,5112084623437,5512166996875
1623776608749657143,7c:df:a1:0e:db:f1,28,43,4.289999961853027,4.5,3,2,-79,46876,5544253042187,5144170781250,5144274623437,5544356931250
1623776609262317974,7c:df:a1:05:87:c7,32,48,4.940000057220459,7.5,3,0,-78,46875,1789529026562,5593687473437,5593791623437,1789633223437
1623776609262317974,7c:df:a1:05:87:c7,32,48,4.940000057220459,7.5,3,1,-78,50001,1821695026562,5625853581250,5625957623437,1821799118750
1623776609262317974,7c:df:a1:05:87:c7,32,48,4.940000057220459,7.5,3,2,-78,50000,1853893026562,5658051689062,5658155623437,1853997010937
1623776609781110852,7c:df:a1:06:b9:dd,43,60,6.5,7.5,3,0,-79,60938,1292544176562,6108332992187,6108436623437,1292647868750
1623776609781110852,7c:df:a1:06:b9:dd,43,60,6.5,7.5,3,1,-79,59376,1324751164062,6140540006250,6140643623437,1324854840625
1623776609781110852,7c:df:a1:06:b9:dd,43,60,6.5,7.5,3,2,-79,60938,1357925176562,6173714053125,6173817623437,1358028807812
1623776610287874321,7c:df:a1:0f:74:e9,38,54,5.71999979019165,7.5,2,0,-75,54687,1086372162500,6655367007812,6655470623437,1086475832812
1623776610287874321,7c:df:a1:0f:74:e9,38,54,5.71999979019165,7.5,2,1,-75,54687,1118543162500,6687538042187,6687641623437,1118646798437
1623776610802142722,7c:df:a1:0e:db:f1,30,45,4.550000190734863,2.0,3,0,-78,45313,827048642187,426970509375,427074223437,827152401562
1623776610802142722,7c:df:a1:0e:db:f1,30,45,4.550000190734863,2.0,3,1,-77,46875,859231642187,459153573437,459257223437,859335339062
1623776610802142722,7c:df:a1:0e:db:f1,30,45,4.550000190734863,2.0,3,2,-78,45313,891439642187,491361642187,491465223437,891543268750
1623776616318631071,7c:df:a1:0f:74:e9,39,55,5.849999904632568,7.5,3,0,-75,54688,379758762500,3043732878125,3043837035937,379862975000
1623776616318631071,7c:df:a1:0f:74:e9,39,55,5.849999904632568,7.5,3,1,-75,57813,411915762500,3075889915625,3075994035937,412019940625
1623776616318631071,7c:df:a1:0f:74:e9,39,55,5.849999904632568,7.5,3,2,-75,54687,444148762500,3108122948437,3108227035937,444252904687
1623776616833818270,7c:df:a1:0e:db:f1,26,41,4.03000020980835,2.0,3,0,-77,43750,143359242187,3549152595312,3549257035937,143463726562
1623776616833818270,7c:df:a1:0e:db:f1,26,41,4.03000020980835,2.0,3,1,-78,40626,174896242187,3580689662500,3580794035937,175000656250
1623776616833818270,7c:df:a1:0e:db:f1,26,41,4.03000020980835,2.0,3,2,-78,40625,207107242187,3612900726562,3613005035937,207211592187
1623776617349027740,7c:df:a1:05:87:c7,28,43,4.289999961853027,4.5,3,0,-78,45313,3164021626562,4063180175000,4063284035937,3164125532812
1623776617349027740,7c:df:a1:05:87:c7,28,43,4.289999961853027,4.5,3,1,-78,40626,3196189651562,4095348309375,4095452035937,3196293418750
1623776617349027740,7c:df:a1:05:87:c7,28,43,4.289999961853027,4.5,3,2,-78,43751,3228406626562,4127565393750,4127669035937,3228510312500
1623776617864505951,7c:df:a1:06:b9:dd,44,61,6.630000114440918,7.5,3,0,-80,57813,2666554776562,4577324156250,4577428035937,2666658714062
1623776617864505951,7c:df:a1:06:b9:dd,44,61,6.630000114440918,7.5,3,1,-80,65625,2698746776562,4609516189062,4609620035937,2698850689062
1623776617864505951,7c:df:a1:06:b9:dd,44,61,6.630000114440918,7.5,3,2,-80,60938,2730947764062,4641717203125,4641821035937,2731051657812
1623776618379398335,7c:df:a1:0f:74:e9,39,55,5.849999904632568,7.5,3,0,-75,56250,2428128762500,5092105026562,5092209035937,2428232828125
1623776618379398335,7c:df:a1:0f:74:e9,39,55,5.849999904632568,7.5,3,1,-75,56250,2460283775000,5124260070312,5124364035937,2460387796875
1623776618379398335,7c:df:a1:0f:74:e9,39,55,5.849999904632568,7.5,3,2,-75,54688,2492522762500,5156499093750,5156603035937,2492626759375
1623776618893931516,7c:df:a1:0e:db:f1,26,41,4.03000020980835,4.5,3,0,-78,37500,2201069242187,5606866742187,5606971035937,2201173573437
1623776618893931516,7c:df:a1:0e:db:f1,26,41,4.03000020980835,4.5,3,1,-78,45313,2233251242187,5639048812500,5639153035937,2233355510937
1623776618893931516,7c:df:a1:0e:db:f1,26,41,4.03000020980835,4.5,3,2,-79,42188,2265443242187,5671240875000,5671345035937,2265547445312
1623776619409951018,7c:df:a1:05:87:c7,32,48,4.940000057220459,7.5,3,0,-78,45313,5222401626562,6121567095312,6121671035937,5222505612500
1623776619409951018,7c:df:a1:05:87:c7,32,48,4.940000057220459,7.5,3,1,-78,53126,5254572626562,6153738206250,6153842035937,5254676509375
1623776619409951018,7c:df:a1:05:87:c7,32,48,4.940000057220459,7.5,3,2,-78,46875,5286744626562,6185910310937,6186014035937,5286848398437
1623776619921103276,7c:df:a1:06:b9:dd,44,61,6.630000114440918,7.5,3,0,-80,59376,4725725776562,6636497100000,6636601035937,4725829771875
1623776619921103276,7c:df:a1:06:b9:dd,44,61,6.630000114440918,7.5,3,1,-80,68750,4757800764062,6668572117187,6668676035937,4757904751562
1623776619921103276,7c:df:a1:06:b9:dd,44,61,6.630000114440918,7.5,3,2,-80,57813,4789960764062,6700732148437,6700836035937,4790064709375
1623776620438553471,7c:df:a1:0f:74:e9,39,56,5.980000019073486,7.5,3,0,-75,56250,4488419775000,441511764062,441615635937,4488523703125
1623776620438553471,7c:df:a1:0f:74:e9,39,56,5.980000019073486,7.5,3,1,-75,53125,4520560762500,473652781250,473756635937,4520664670312
1623776620438553471,7c:df:a1:0f:74:e9,39,56,5.980000019073486,7.5,3,2,-75,60937,4551352762500,504444817187,504548635937,4551456642187
1623776620953573501,7c:df:a1:0e:db:f1,29,44,4.420000076293945,4.5,3,0,-78,43751,4263078242187,957993481250,958097635937,4263182440625
1623776620953573501,7c:df:a1:0e:db:f1,29,44,4.420000076293945,4.5,3,1,-78,42188,4293712242187,988627542187,988731635937,4293816378125
1623776620953573501,7c:df:a1:0e:db:f1,29,44,4.420000076293945,4.5,3,2,-78,46876,4326791242187,1021706609375,1021810635937,4326895315625
1623776621466597274,7c:df:a1:05:87:c7,31,46,4.679999828338623,4.5,3,0,-78,50001,571752226562,1470924612500,1471028635937,571856300000
1623776621466597274,7c:df:a1:05:87:c7,31,46,4.679999828338623,4.5,3,1,-79,45313,603916226562,1503088718750,1503192635937,604020189062
1623776621466597274,7c:df:a1:05:87:c7,31,46,4.679999828338623,4.5,3,2,-78,45313,636114226562,1535286825000,1535390635937,636218082812
1623776621982155278,7c:df:a1:06:b9:dd,41,58,6.239999771118164,7.5,3,0,-79,56251,74441376562,1985214631250,1985318635937,74545437500
1623776621982155278,7c:df:a1:06:b9:dd,41,58,6.239999771118164,7.5,3,1,-80,59375,107769376562,2018542660937,2018646635937,107873410937
1623776621982155278,7c:df:a1:06:b9:dd,41,58,6.239999771118164,7.5,3,2,-79,59376,138821364062,2049594678125,2049698635937,138925381250
1623776622496034154,7c:df:a1:0f:74:e9,41,58,6.239999771118164,7.5,3,0,-75,62500,6546331762500,2499425848437,2499529635937,6546435612500
1623776622496034154,7c:df:a1:0f:74:e9,41,58,6.239999771118164,7.5,3,1,-75,56250,6578504762500,2531598879687,2531702635937,6578608575000
1623776622496034154,7c:df:a1:0f:74:e9,41,58,6.239999771118164,7.5,3,2,-75,56250,6610729775000,2563823925000,2563927635937,6610833542187
1623776623008886751,7c:df:a1:0e:db:f1,25,39,3.7699999809265137,4.0,3,0,-78,34376,6320319242187,3015238584375,3015342635937,6320423328125
1623776623008886751,7c:df:a1:0e:db:f1,25,39,3.7699999809265137,4.0,3,1,-78,39063,6352498242187,3047417650000,3047521635937,6352602267187
1623776623008886751,7c:df:a1:0e:db:f1,25,39,3.7699999809265137,4.0,3,2,-78,45313,6384685242187,3079604717187,3079708635937,6384789206250
1623776623526765220,7c:df:a1:05:87:c7,30,45,4.550000190734863,4.5,3,0,-78,43750,2628728226562,3527907467187,3528011635937,2628832439062
1623776623526765220,7c:df:a1:05:87:c7,30,45,4.550000190734863,4.5,3,1,-78,45313,2660889251562,3560068600000,3560172635937,2660993332812
1623776623526765220,7c:df:a1:05:87:c7,30,45,4.550000190734863,4.5,3,2,-78,48438,2693090226562,3592269681250,3592373635937,2693194229687
1623776624042595501,7c:df:a1:06:b9:dd,42,59,6.369999885559082,7.5,3,0,-79,51563,2133489364062,4044264545312,4044368635937,2133593506250
1623776624042595501,7c:df:a1:06:b9:dd,42,59,6.369999885559082,7.5,3,1,-79,65626,2165693364062,4076468575000,4076572635937,2165797490625
1623776624042595501,7c:df:a1:06:b9:dd,42,59,6.369999885559082,7.5,3,2,-80,60938,2198410364062,4109185604687,4109289635937,2198514456250
1623776624559663590,7c:df:a1:0f:74:e9,39,56,5.980000019073486,7.5,3,0,-75,56250,1896081362500,4560063914062,4560167635937,1896185140625
1623776624559663590,7c:df:a1:0f:74:e9,39,56,5.980000019073486,7.5,3,1,-75,54687,1928314375000,4592296957812,4592400635937,1928418107812
1623776624559663590,7c:df:a1:0f:74:e9,39,56,5.980000019073486,7.5,3,2,-75,57813,1961306375000,4625288993750,4625392635937,1961410075000
1623776625067383017,7c:df:a1:0e:db:f1,29,44,4.420000076293945,4.5,2,0,-78,45313,1686224842187,5092034698437,5092138635937,1686328825000
1623776625067383017,7c:df:a1:0e:db:f1,29,44,4.420000076293945,4.5,2,1,-78,43750,1704145842187,5109955732812,5110059635937,1704249789062
1623776625580058686,7c:df:a1:05:87:c7,40,57,6.110000133514404,7.5,3,0,-78,50001,4696034226562,5595220312500,5595324635937,4696138600000
1623776625580058686,7c:df:a1:05:87:c7,40,57,6.110000133514404,7.5,3,1,-78,46876,4728230226562,5627416421875,5627520635937,4728334487500
1623776625580058686,7c:df:a1:05:87:c7,40,57,6.110000133514404,7.5,3,2,-78,75001,4760461251562,5659647546875,5659751635937,4760565415625
1623776626098908621,7c:df:a1:06:b9:dd,44,61,6.630000114440918,7.5,3,0,-79,57813,4191153364062,6101930453125,6102034635937,4191257604687
1623776626098908621,7c:df:a1:06:b9:dd,44,61,6.630000114440918,7.5,3,1,-79,65626,4223312364062,6134089484375,6134193635937,4223416581250
1623776626098908621,7c:df:a1:06:b9:dd,44,61,6.630000114440918,7.5,3,2,-79,60938,4255495364062,6166272514062,6166376635937,4255599546875
1623776626607178415,7c:df:a1:0f:74:e9,39,56,5.980000019073486,7.5,2,0,-75,54687,3983235375000,6647219992187,6647323635937,3983339073437
1623776626607178415,7c:df:a1:0f:74:e9,39,56,5.980000019073486,7.5,2,1,-75,57813,4015441362500,6679426012500,6679529635937,4015545043750
1623776627120275357,7c:df:a1:0e:db:f1,27,42,4.159999847412109,4.5,3,0,-79,48438,3725086842187,420014331250,420118235937,3725190795312
1623776627120275357,7c:df:a1:0e:db:f1,27,42,4.159999847412109,4.5,3,1,-79,37500,3757343842187,452271392187,452375235937,3757447723437
1623776627120275357,7c:df:a1:0e:db:f1,27,42,4.159999847412109,4.5,3,2,-78,40626,3789506842187,484434456250,484538235937,3789610662500
1623776627633778206,7c:df:a1:05:87:c7,32,47,4.809999942779541,4.5,3,0,-78,50000,31040826562,930233704687,930337235937,31144407812
1623776627633778206,7c:df:a1:05:87:c7,32,47,4.809999942779541,4.5,3,1,-78,45313,61450851562,960643829687,960748235937,61555303125
1623776627633778206,7c:df:a1:05:87:c7,32,47,4.809999942779541,4.5,3,2,-78,48438,108453826562,1007646967187,1007751235937,108558143750
1623776628147894054,7c:df:a1:06:b9:dd,40,57,6.110000133514404,7.5,3,0,-80,53125,6243566376562,1443459023437,1443563235937,6243670642187
1623776628147894054,7c:df:a1:06:b9:dd,40,57,6.110000133514404,7.5,3,1,-80,57813,6275758364062,1475651042187,1475755235937,6275862615625
1623776628147894054,7c:df:a1:06:b9:dd,40,57,6.110000133514404,7.5,3,2,-80,60938,6308278376562,1508171085937,1508275235937,6308382587500
1623776628665426285,7c:df:a1:0f:74:e9,39,56,5.980000019073486,7.5,3,0,-75,56250,6003674362500,1956774634375,1956878235937,6003778020312
1623776628665426285,7c:df:a1:0f:74:e9,39,56,5.980000019073486,7.5,3,1,-75,56250,6035859362500,1988959667187,1989063235937,6035962987500
1623776628665426285,7c:df:a1:0f:74:e9,39,56,5.980000019073486,7.5,3,2,-75,56250,6068055362500,2021155700000,2021259235937,6068158954687
1623776629179321617,7c:df:a1:0e:db:f1,25,39,3.7699999809265137,4.0,3,0,-78,40626,5776042842187,2470974450000,2471078235937,5776146668750
1623776629179321617,7c:df:a1:0e:db:f1,25,39,3.7699999809265137,4.0,3,1,-78,39063,5808346842187,2503278510937,2503382235937,5808450606250
1623776629179321617,7c:df:a1:0e:db:f1,25,39,3.7699999809265137,4.0,3,2,-78,39063,5843557842187,2538489585937,2538593235937,5843661531250
1623776629688255480,7c:df:a1:05:87:c7,32,47,4.809999942779541,4.5,2,0,-78,48438,2118794826562,3017994704687,3018098235937,2118898406250
1623776629688255480,7c:df:a1:05:87:c7,32,47,4.809999942779541,4.5,2,1,-78,46876,2151150826562,3050350812500,3050455235937,2151255296875
1623776630203939415,7c:df:a1:06:b9:dd,40,57,6.110000133514404,7.5,3,0,-80,56250,1589722964062,3500504007812,3500608235937,1589827248437
1623776630203939415,7c:df:a1:06:b9:dd,40,57,6.110000133514404,7.5,3,1,-80,57813,1621879976562,3532661046875,3532765235937,1621984223437
1623776630203939415,7c:df:a1:06:b9:dd,40,57,6.110000133514404,7.5,3,2,-79,59376,1654110964062,3564892068750,3564996235937,1654215190625
1623776631220590046,7c:df:a1:0e:db:f1,26,41,4.03000020980835,4.5,3,0,-78,40626,1119204442187,4525026550000,4525130235937,1119308168750
1623776631220590046,7c:df:a1:0e:db:f1,26,41,4.03000020980835,4.5,3,1,-78,39063,1151377442187,4557199612500,4557303235937,1151481104687
1623776631220590046,7c:df:a1:0e:db:f1,26,41,4.03000020980835,4.5,3,2,-78,43751,1183579442187,4589401681250,4589505235937,1183683040625
1623776631730552030,7c:df:a1:05:87:c7,34,50,5.199999809265137,7.5,2,0,-78,48438,4130055851562,5029262470312,5029366235937,4130159665625
1623776631730552030,7c:df:a1:05:87:c7,34,50,5.199999809265137,7.5,2,1,-78,53125,4162307851562,5061514582812,5061618235937,4162411557812
1623776632245423606,7c:df:a1:06:b9:dd,42,59,6.369999885559082,7.5,3,0,-79,56251,3633240976562,5544023990625,5544128235937,3633345278125
1623776632245423606,7c:df:a1:06:b9:dd,42,59,6.369999885559082,7.5,3,1,-80,60938,3665413964062,5576197007812,5576301235937,3665518253125
1623776632245423606,7c:df:a1:06:b9:dd,42,59,6.369999885559082,7.5,3,2,-79,60938,3697636964062,5608420042187,5608524235937,3697741218750
1623776632761522723,7c:df:a1:0f:74:e9,38,54,5.71999979019165,7.5,3,0,-76,53125,3389000962500,6052991785937,6053096235937,3389105465625
1623776632761522723,7c:df:a1:0f:74:e9,38,54,5.71999979019165,7.5,3,1,-75,54687,3421177962500,6085168820312,6085273235937,3421282432812
1623776632761522723,7c:df:a1:0f:74:e9,38,54,5.71999979019165,7.5,3,2,-76,56250,3453362962500,6117353853125,6117458235937,3453467401562
1623776633276850372,7c:df:a1:0e:db:f1,27,42,4.159999847412109,4.5,3,0,-78,40625,3161912442187,6567738626562,6567842235937,3162016092187
1623776633276850372,7c:df:a1:0e:db:f1,27,42,4.159999847412109,4.5,3,1,-78,48438,3194106442187,6599932687500,6600036235937,3194210039062
1623776633276850372,7c:df:a1:0e:db:f1,27,42,4.159999847412109,4.5,3,2,-78,39063,3228414442187,6634240760937,6634345235937,3228518956250
1623776633786944232,7c:df:a1:05:87:c7,30,45,4.550000190734863,4.5,3,0,-78,43751,6183387826562,371714953125,371818835937,6183491753125
1623776633786944232,7c:df:a1:05:87:c7,30,45,4.550000190734863,4.5,3,1,-78,45313,6215552826562,403880060937,403983835937,6215656646875
1623776633786944232,7c:df:a1:05:87:c7,30,45,4.550000190734863,4.5,3,2,-78,48438,6247747826562,436075168750,436178835937,6247851542187
1623776634303328031,7c:df:a1:06:b9:dd,44,61,6.630000114440918,7.5,3,0,-79,65625,5686576964062,886475589062,886579835937,5686681276562
1623776634303328031,7c:df:a1:06:b9:dd,44,61,6.630000114440918,7.5,3,1,-80,56251,5718745964062,918644612500,918748835937,5718850243750
1623776634303328031,7c:df:a1:06:b9:dd,44,61,6.630000114440918,7.5,3,2,-79,64063,5750971964062,950870650000,950974835937,5751076214062
1623776634818602202,7c:df:a1:0f:74:e9,38,54,5.71999979019165,7.5,3,0,-75,51562,5447631962500,1400738464062,1400842835937,5447736385937
1623776634818602202,7c:df:a1:0f:74:e9,38,54,5.71999979019165,7.5,3,1,-76,57812,5479792975000,1432899510937,1433003835937,5479897357812
1623776634818602202,7c:df:a1:0f:74:e9,38,54,5.71999979019165,7.5,3,2,-75,53125,5511991962500,1465098531250,1465202835937,5512096320312
1623776635334306172,7c:df:a1:0e:db:f1,27,42,4.159999847412109,4.5,3,0,-78,45313,5220142442187,1915086353125,1915190835937,5220246970312
1623776635334306172,7c:df:a1:0e:db:f1,27,42,4.159999847412109,4.5,3,1,-79,34375,5252299442187,1947243414062,1947347835937,5252403898437
1623776635334306172,7c:df:a1:0e:db:f1,27,42,4.159999847412109,4.5,3,2,-78,46875,5284531442187,1979475479687,1979579835937,5284635845312
1623776635848988766,7c:df:a1:05:87:c7,30,45,4.550000190734863,4.5,3,0,-78,48438,1530630426562,2429850868750,2429954835937,1530734442187
1623776635848988766,7c:df:a1:05:87:c7,30,45,4.550000190734863,4.5,3,1,-78,46876,1563530426562,2462750978125,2462854835937,1563634331250
1623776635848988766,7c:df:a1:05:87:c7,30,45,4.550000190734863,4.5,3,2,-78,42188,1595019426562,2494240082812,2494343835937,1595123221875
1623776636363494677,7c:df:a1:06:b9:dd,39,55,5.849999904632568,7.5,3,0,-79,45313,1034713564062,2945500587500,2945604835937,1034817857812
1623776636363494677,7c:df:a1:06:b9:dd,39,55,5.849999904632568,7.5,3,1,-79,56251,1066910564062,2977697615625,2977801835937,1067014840625
1623776636363494677,7c:df:a1:06:b9:dd,39,55,5.849999904632568,7.5,3,2,-79,64063,1099129564062,3009916648437,3010020835937,1099233815625
1623776636876000152,7c:df:a1:0f:74:e9,39,55,5.849999904632568,7.5,3,0,-76,54688,796361562500,3460356515625,3460460835937,796465937500
1623776636876000152,7c:df:a1:0f:74:e9,39,55,5.849999904632568,7.5,3,1,-76,54688,828538562500,3492533546875,3492637835937,828642906250
1623776636876000152,7c:df:a1:0f:74:e9,39,55,5.849999904632568,7.5,3,2,-76,56250,860751562500,3524746579687,3524850835937,860855875000
1623776637392268483,7c:df:a1:0e:db:f1,25,39,3.7699999809265137,4.0,3,0,-79,39063,571389042187,3977223462500,3977327835937,571493454687
1623776637392268483,7c:df:a1:0e:db:f1,25,39,3.7699999809265137,4.0,3,1,-78,37501,601446042187,4007280525000,4007384835937,601550390625
1623776637392268483,7c:df:a1:0e:db:f1,25,39,3.7699999809265137,4.0,3,2,-78,42188,633681042187,4039515587500,4039619835937,633785332812
1623776637907168276,7c:df:a1:05:87:c7,32,48,4.940000057220459,7.5,3,0,-78,50000,3590207426562,4489434754687,4489538835937,3590311557812
1623776637907168276,7c:df:a1:05:87:c7,32,48,4.940000057220459,7.5,3,1,-78,48438,3622393426562,4521620862500,4521724835937,3622497448437
1623776637907168276,7c:df:a1:05:87:c7,32,48,4.940000057220459,7.5,3,2,-78,48438,3654589426562,4553816970312,4553920835937,3654693340625
1623776638421777191,7c:df:a1:06:b9:dd,46,64,7.019999980926514,7.5,3,0,-80,57813,3093988564062,5004777576562,5004881835937,3094092881250
1623776638421777191,7c:df:a1:06:b9:dd,46,64,7.019999980926514,7.5,3,1,-80,65625,3126545564062,5037334607812,5037438835937,3126649857812
1623776638421777191,7c:df:a1:06:b9:dd,46,64,7.019999980926514,7.5,3,2,-79,70313,3158412564062,5069201640625,5069305835937,3158516829687
1623776638938694151,7c:df:a1:0f:74:e9,39,55,5.849999904632568,7.5,3,0,-75,54688,2855155562500,5519152531250,5519256835937,2855259921875
1623776638938694151,7c:df:a1:0f:74:e9,39,55,5.849999904632568,7.5,3,1,-76,56250,2887327562500,5551324562500,5551428835937,2887431892187
1623776638938694151,7c:df:a1:0f:74:e9,39,55,5.849999904632568,7.5,3,2,-75,54688,2919490562500,5583487593750,5583591835937,2919594859375
1623776639447968693,7c:df:a1:0e:db:f1,15,28,2.3399999141693115,2.0,3,0,-78,37500,2660671042187,6066509607812,6066613835937,2660775307812
1623776639447968693,7c:df:a1:0e:db:f1,15,28,2.3399999141693115,2.0,3,1,-78,46875,2692358042187,6098196670312,6098300835937,2692462254687
1623776639447968693,7c:df:a1:0e:db:f1,15,28,2.3399999141693115,2.0,3,2,0,0,0,0,0,0
1623776639961861033,7c:df:a1:05:87:c7,29,44,4.420000076293945,4.5,3,0,-78,45313,5649030451562,6548264643750,6548368835937,5649134689062
1623776639961861033,7c:df:a1:05:87:c7,29,44,4.420000076293945,4.5,3,1,-78,45313,5681221451562,6580455750000,6580559835937,5681325582812
1623776639961861033,7c:df:a1:05:87:c7,29,44,4.420000076293945,4.5,3,2,-78,43750,5713427426562,6612661835937,6612765835937,5713531470312
1623776640475832819,7c:df:a1:06:b9:dd,41,58,6.239999771118164,7.5,3,0,-80,57813,5147541564062,347446154687,347550435937,5147645903125
1623776640475832819,7c:df:a1:06:b9:dd,41,58,6.239999771118164,7.5,3,1,-79,51563,5180391564062,380296184375,380400435937,5180495867187
1623776640475832819,7c:df:a1:06:b9:dd,41,58,6.239999771118164,7.5,3,2,-79,67188,5211933564062,411838218750,411942435937,5212037848437
1623776640989148863,7c:df:a1:0f:74:e9,39,55,5.849999904632568,7.5,3,0,-75,56250,4909716562500,862829115625,862933435937,4909820939062
1623776640989148863,7c:df:a1:0f:74:e9,39,55,5.849999904632568,7.5,3,1,-75,54688,4941114562500,894227146875,894331435937,4941218906250
1623776640989148863,7c:df:a1:0f:74:e9,39,55,5.849999904632568,7.5,3,2,-75,56250,4973322575000,926435189062,926539435937,4973426878125
1623776641504087196,7c:df:a1:0e:db:f1,26,41,4.03000020980835,4.5,3,0,-78,45313,4681252042187,1376208185937,1376312435937,4681356337500
1623776641504087196,7c:df:a1:0e:db:f1,26,41,4.03000020980835,4.5,3,1,-78,35938,4713460042187,1408416248437,1408520435937,4713564265625
1623776641504087196,7c:df:a1:0e:db:f1,26,41,4.03000020980835,4.5,3,2,-78,42188,4745639042187,1440595314062,1440699435937,4745743206250
1623776642015208170,7c:df:a1:05:87:c7,19,32,2.859999895095825,2.0,3,0,-78,51563,993821026562,1893062043750,1893166435937,993925470312
1623776642015208170,7c:df:a1:05:87:c7,19,32,2.859999895095825,2.0,3,1,-78,46876,1023332026562,1922573140625,1922677435937,1023436368750
1623776642015208170,7c:df:a1:05:87:c7,19,32,2.859999895095825,2.0,3,2,0,0,0,0,0,0
1623776642527528123,7c:df:a1:06:b9:dd,44,61,6.630000114440918,7.5,3,0,-79,60938,494381164062,2405174106250,2405278435937,494485554687
1623776642527528123,7c:df:a1:06:b9:dd,44,61,6.630000114440918,7.5,3,1,-80,60938,526545176562,2437338153125,2437442435937,526649520312
1623776642527528123,7c:df:a1:06:b9:dd,44,61,6.630000114440918,7.5,3,2,-80,64063,559343176562,2470136176562,2470240435937,559447500000
1623776643043517863,7c:df:a1:0f:74:e9,40,57,6.110000133514404,7.5,3,0,-75,60937,251435162500,2915436064062,2915540435937,251539595312
1623776643043517863,7c:df:a1:0f:74:e9,40,57,6.110000133514404,7.5,3,1,-75,57813,283623162500,2947624093750,2947728435937,283727562500
1623776643043517863,7c:df:a1:0f:74:e9,40,57,6.110000133514404,7.5,3,2,-75,54687,315838162500,2979839123437,2979943435937,315942529687
1623776643556396081,7c:df:a1:0e:db:f1,26,41,4.03000020980835,4.5,3,0,-78,35938,23804642187,3429651203125,3429755435937,23908910937
1623776643556396081,7c:df:a1:0e:db:f1,26,41,4.03000020980835,4.5,3,1,-78,45313,59516642187,3465363276562,3465467435937,59620846875
1623776643556396081,7c:df:a1:0e:db:f1,26,41,4.03000020980835,4.5,3,2,-79,42188,88169642187,3494016329687,3494120435937,88273790625
1623776644072005943,7c:df:a1:05:87:c7,31,46,4.679999828338623,4.5,3,0,-78,46876,3045155026562,3944402825000,3944506435937,3045258684375
1623776644072005943,7c:df:a1:05:87:c7,31,46,4.679999828338623,4.5,3,1,-78,45313,3077080026562,3976327932812,3976431435937,3077183575000
1623776644072005943,7c:df:a1:05:87:c7,31,46,4.679999828338623,4.5,3,2,-78,48438,3109268026562,4008516037500,4008620435937,3109372473437
1623776644586531545,7c:df:a1:06:b9:dd,47,65,7.150000095367432,7.5,3,0,-79,57813,2547027176562,4457822040625,4457926435937,2547131629687
1623776644586531545,7c:df:a1:06:b9:dd,47,65,7.150000095367432,7.5,3,1,-79,60938,2579242164062,4490037062500,4490141435937,2579346598437
1623776644586531545,7c:df:a1:06:b9:dd,47,65,7.150000095367432,7.5,3,2,-80,76563,2611448164062,4522243089062,4522347435937,2611552587500
1623776645099017888,7c:df:a1:0f:74:e9,39,56,5.980000019073486,7.5,3,0,-76,59375,2308631162500,4972634015625,4972738435937,2308735642187
1623776645099017888,7c:df:a1:0f:74:e9,39,56,5.980000019073486,7.5,3,1,-76,56250,2340809162500,5004812043750,5004916435937,2340913610937
1623776645099017888,7c:df:a1:0f:74:e9,39,56,5.980000019073486,7.5,3,2,-76,54688,2373028162500,5037031075000,5037135435937,2373132578125
1623776645615739174,7c:df:a1:0e:db:f1,26,40,3.9000000953674316,4.5,3,0,-78,46875,2081474642187,5487325254687,5487429435937,2081578870312
1623776645615739174,7c:df:a1:0e:db:f1,26,40,3.9000000953674316,4.5,3,1,-78,28126,2137180642187,5543031365625,5543135435937,2137284740625
1623776645615739174,7c:df:a1:0e:db:f1,26,40,3.9000000953674316,4.5,3,2,-78,46876,2149120642187,5554971390625,5555075435937,2149224734375
1623776649162476868,7c:df:a1:0e:db:f1,38,54,5.71999979019165,7.5,3,0,-75,53125,6386366162500,3049010532812,3049114035937,6386469718750
1623776649162476868,7c:df:a1:0e:db:f1,38,54,5.71999979019165,7.5,3,1,-76,54687,6414386162500,3077030557812,3077135035937,6414490695312
1623776649162476868,7c:df:a1:0e:db:f1,38,54,5.71999979019165,7.5,3,2,-75,54688,6446246175000,3108890603125,3108995035937,6446350662500
1623776649679874268,7c:df:a1:0f:74:e9,32,48,4.940000057220459,7.5,3,0,-78,46875,1940007626562,3548798001562,3548902035937,1940111707812
1623776649679874268,7c:df:a1:0f:74:e9,32,48,4.940000057220459,7.5,3,1,-78,50000,1972240626562,3581031107812,3581135035937,1972344604687
1623776649679874268,7c:df:a1:0f:74:e9,32,48,4.940000057220459,7.5,3,2,-78,48438,2004411626562,3613202215625,3613306035937,2004515495312
1623776650192832949,7c:df:a1:05:87:c7,35,51,5.329999923706055,7.5,3,0,-78,39063,6659503642187,4064000915625,4064105035937,6659607801562
1623776650192832949,7c:df:a1:05:87:c7,35,51,5.329999923706055,7.5,3,1,-78,71876,6694076642187,4098573987500,4098678035937,6694180762500
1623776650192832949,7c:df:a1:05:87:c7,35,51,5.329999923706055,7.5,3,2,-78,42188,13022242187,4128406045312,4128510035937,13126275000
1623776650702941163,7c:df:a1:06:b9:dd,37,53,5.590000152587891,7.5,2,0,-80,56251,1960983764062,4581308490625,4581412035937,1961087365625
1623776650702941163,7c:df:a1:06:b9:dd,37,53,5.590000152587891,7.5,2,1,-80,51563,1993781776562,4614106531250,4614210035937,1993885332812
1623776651218344300,7c:df:a1:0e:db:f1,39,56,5.980000019073486,7.5,3,0,-75,56250,1719446762500,5092979471875,5093083035937,1719550382812
1623776651218344300,7c:df:a1:0e:db:f1,39,56,5.980000019073486,7.5,3,1,-75,54687,1751611762500,5125144504687,5125248035937,1751715348437
1623776651218344300,7c:df:a1:0e:db:f1,39,56,5.980000019073486,7.5,3,2,-75,59375,1783779762500,5157312537500,5157416035937,1783883320312
1623776651729515871,7c:df:a1:0f:74:e9,31,46,4.679999828338623,2.0,3,0,-78,46876,3994922626562,5603719831250,5603824035937,3995026878125
1623776651729515871,7c:df:a1:0f:74:e9,31,46,4.679999828338623,2.0,3,1,-77,46875,4028227651562,5637024967187,5637129035937,4028331767187
1623776651729515871,7c:df:a1:0f:74:e9,31,46,4.679999828338623,2.0,3,2,-78,46876,4059349651562,5668147071875,5668251035937,4059453662500
1623776652246200878,7c:df:a1:05:87:c7,28,43,4.289999961853027,4.5,3,0,-78,45313,2001170242187,6116558009375,6116662035937,2001274314062
1623776652246200878,7c:df:a1:05:87:c7,28,43,4.289999961853027,4.5,3,1,-78,42188,2036130242187,6151518081250,6151622035937,2036234239062
1623776652246200878,7c:df:a1:05:87:c7,28,43,4.289999961853027,4.5,3,2,-79,42188,2065577242187,6180965140625,6181069035937,2065681179687
1623776652760908519,7c:df:a1:06:b9:dd,41,58,6.239999771118164,7.5,3,0,-79,57813,4010942764062,6631269501562,6631373035937,4011046356250
1623776652760908519,7c:df:a1:06:b9:dd,41,58,6.239999771118164,7.5,3,1,-80,59376,4046852764062,6667179540625,6667284035937,4046957318750
1623776652760908519,7c:df:a1:06:b9:dd,41,58,6.239999771118164,7.5,3,2,-79,57813,4075351764062,6695678567187,6695783035937,4075456290625
1623776653275017969,7c:df:a1:0e:db:f1,37,53,5.590000152587891,7.5,3,0,-75,54687,3772459762500,435108023437,435211635937,3772563429687
1623776653275017969,7c:df:a1:0e:db:f1,37,53,5.590000152587891,7.5,3,1,-75,54688,3804656762500,467305053125,467408635937,3804760400000
1623776653275017969,7c:df:a1:0e:db:f1,37,53,5.590000152587891,7.5,3,2,-75,50000,3836895762500,499544082812,499647635937,3836999365625
1623776653789791979,7c:df:a1:0f:74:e9,32,48,4.940000057220459,7.5,3,0,-78,50001,6051944651562,949862306250,949966635937,6052049031250
1623776653789791979,7c:df:a1:0f:74:e9,32,48,4.940000057220459,7.5,3,1,-78,50000,6086453651562,984371420312,984475635937,6086557917187
1623776653789791979,7c:df:a1:0f:74:e9,32,48,4.940000057220459,7.5,3,2,-78,45313,6116310626562,1014228495312,1014332635937,6116414812500
1623776654304659376,7c:df:a1:05:87:c7,29,44,4.420000076293945,4.5,3,0,-78,48438,4059532242187,1464037712500,1464141635937,4059636214062
1623776654304659376,7c:df:a1:05:87:c7,29,44,4.420000076293945,4.5,3,1,-78,42188,4091693242187,1496198773437,1496302635937,4091797146875
1623776654304659376,7c:df:a1:05:87:c7,29,44,4.420000076293945,4.5,3,2,-78,42188,4123857242187,1528362839062,1528466635937,4123961081250
1623776654819655677,7c:df:a1:06:b9:dd,40,57,6.110000133514404,7.5,3,0,-80,65626,6068863764062,1978306143750,1978410635937,6068968321875
1623776654819655677,7c:df:a1:06:b9:dd,40,57,6.110000133514404,7.5,3,1,-80,59375,6101052776562,2010495185937,2010599635937,6101157285937
1623776654819655677,7c:df:a1:06:b9:dd,40,57,6.110000133514404,7.5,3,2,-80,48438,6133238764062,2042681201562,2042785635937,6133343246875
1623776655333837266,7c:df:a1:0e:db:f1,40,57,6.110000133514404,7.5,3,0,-75,56250,5830400762500,2493050962500,2493154635937,5830504492187
1623776655333837266,7c:df:a1:0e:db:f1,40,57,6.110000133514404,7.5,3,1,-75,59375,5862555762500,2525205993750,2525309635937,5862659464062
1623776655333837266,7c:df:a1:0e:db:f1,40,57,6.110000133514404,7.5,3,2,-76,57812,5894791762500,2557442023437,2557545635937,5894895432812
1623776655849286947,7c:df:a1:0f:74:e9,31,46,4.679999828338623,4.5,3,0,-79,45313,1399663226562,3008474117187,3008577635937,1399766790625
1623776655849286947,7c:df:a1:0f:74:e9,31,46,4.679999828338623,4.5,3,1,-78,48438,1431118226562,3039929225000,3040033635937,1431222685937
1623776655849286947,7c:df:a1:0f:74:e9,31,46,4.679999828338623,4.5,3,2,-78,45313,1463298226562,3072109328125,3072213635937,1463402579687
1623776656364415370,7c:df:a1:05:87:c7,25,39,3.7699999809265137,4.0,3,0,-78,42188,6119563242187,3524072815625,3524176635937,6119667104687
1623776656364415370,7c:df:a1:05:87:c7,25,39,3.7699999809265137,4.0,3,1,-78,39063,6151753242187,3556262881250,3556366635937,6151857035937
1623776656364415370,7c:df:a1:05:87:c7,25,39,3.7699999809265137,4.0,3,2,-78,35938,6183955242187,3588464940625,3588568635937,6184058973437
1623776656876751335,7c:df:a1:06:b9:dd,44,61,6.630000114440918,7.5,3,0,-79,60938,1417504376562,4037835209375,4037939635937,1417608864062
1623776656876751335,7c:df:a1:06:b9:dd,44,61,6.630000114440918,7.5,3,1,-80,62501,1449716364062,4070047231250,4070151635937,1449820831250
1623776656876751335,7c:df:a1:06:b9:dd,44,61,6.630000114440918,7.5,3,2,-80,60938,1482023364062,4102354262500,4102458635937,1482127798437
1623776657393639991,7c:df:a1:0e:db:f1,38,54,5.71999979019165,7.5,3,0,-75,51563,1179080375000,4552618893750,4552722635937,1179184168750
1623776657393639991,7c:df:a1:0e:db:f1,38,54,5.71999979019165,7.5,3,1,-76,54688,1211263362500,4584801909375,4584905635937,1211367143750
1623776657393639991,7c:df:a1:0e:db:f1,38,54,5.71999979019165,7.5,3,2,-75,57812,1243470362500,4617008942187,4617112635937,1243574114062
1623776657908322121,7c:df:a1:0f:74:e9,30,45,4.550000190734863,2.0,3,0,-77,45313,3461171226562,5069988940625,5070092635937,3461274967187
1623776657908322121,7c:df:a1:0f:74:e9,30,45,4.550000190734863,2.0,3,1,-78,42188,3493495226562,5102313048437,5102416635937,3493598856250
1623776657908322121,7c:df:a1:0f:74:e9,30,45,4.550000190734863,2.0,3,2,-78,50000,3525744226562,5134562154687,5134666635937,3525848757812
1623776658422538316,7c:df:a1:05:87:c7,26,41,4.03000020980835,4.5,3,0,-78,45313,1467312842187,5582712901562,5582816635937,1467416621875
1623776658422538316,7c:df:a1:05:87:c7,26,41,4.03000020980835,4.5,3,1,-79,40626,1500106842187,5615506962500,5615610635937,1500210556250
1623776658422538316,7c:df:a1:05:87:c7,26,41,4.03000020980835,4.5,3,2,-78,39063,1531682842187,5647083026562,5647186635937,1531786490625
1623776658938700236,7c:df:a1:06:b9:dd,44,61,6.630000114440918,7.5,3,0,-80,64063,3477253364062,6097586232812,6097690635937,3477357831250
1623776658938700236,7c:df:a1:06:b9:dd,44,61,6.630000114440918,7.5,3,1,-80,53126,3510152364062,6130485262500,6130589635937,3510256790625
1623776658938700236,7c:df:a1:06:b9:dd,44,61,6.630000114440918,7.5,3,2,-80,67188,3541617364062,6161950296875,6162054635937,3541721770312
1623776659452200904,7c:df:a1:0e:db:f1,39,55,5.849999904632568,7.5,3,0,-75,57812,3238902362500,6612442773437,6612546635937,3239006282812
1623776659452200904,7c:df:a1:0e:db:f1,39,55,5.849999904632568,7.5,3,1,-75,53125,3271110362500,6644650800000,6644754635937,3271214251562
1623776659452200904,7c:df:a1:0e:db:f1,39,55,5.849999904632568,7.5,3,2,-75,54688,3303301362500,6676841831250,6676945635937,3303405221875
1623776659968581602,7c:df:a1:0f:74:e9,35,51,5.329999923706055,7.5,3,0,-78,59376,5521669226562,419607340625,419711235937,5521773181250
1623776659968581602,7c:df:a1:0f:74:e9,35,51,5.329999923706055,7.5,3,1,-79,48438,5552723251562,450661470312,450765235937,5552827065625
1623776659968581602,7c:df:a1:0f:74:e9,35,51,5.329999923706055,7.5,3,2,-78,45313,5584919226562,482857548437,482961235937,5585022959375
1623776660483055329,7c:df:a1:05:87:c7,27,42,4.159999847412109,4.5,3,0,-78,37500,3529664842187,934182576562,934286235937,3529768539062
1623776660483055329,7c:df:a1:05:87:c7,27,42,4.159999847412109,4.5,3,1,-78,45313,3561227842187,965745635937,965849235937,3561331487500
1623776660483055329,7c:df:a1:05:87:c7,27,42,4.159999847412109,4.5,3,2,-78,43751,3593409842187,997927700000,998031235937,3593513421875
1623776660998256669,7c:df:a1:06:b9:dd,42,59,6.369999885559082,7.5,3,0,-80,59375,5538297364062,1447745867187,1447850235937,5538401792187
1623776660998256669,7c:df:a1:06:b9:dd,42,59,6.369999885559082,7.5,3,1,-79,60938,5572150364062,1481598901562,1481703235937,5572254759375
1623776660998256669,7c:df:a1:06:b9:dd,42,59,6.369999885559082,7.5,3,2,-80,59376,5602665364062,1512113931250,1512218235937,5602769728125
1623776661514934378,7c:df:a1:0e:db:f1,38,54,5.71999979019165,7.5,3,0,-75,51563,5299284362500,1961940275000,1962044235937,5299388375000
1623776661514934378,7c:df:a1:0e:db:f1,38,54,5.71999979019165,7.5,3,1,-75,54688,5331472362500,1994128306250,1994232235937,5331576346875
1623776661514934378,7c:df:a1:0e:db:f1,38,54,5.71999979019165,7.5,3,2,-76,56250,5363738362500,2026394337500,2026498235937,5363842317187
1623776662026328184,7c:df:a1:0f:74:e9,31,46,4.679999828338623,2.0,3,0,-78,48438,869115826562,2477947143750,2478051235937,869219967187
1623776662026328184,7c:df:a1:0f:74:e9,31,46,4.679999828338623,2.0,3,1,-77,45313,901293826562,2510125250000,2510229235937,901397857812
1623776662026328184,7c:df:a1:0f:74:e9,31,46,4.679999828338623,2.0,3,2,-78,46876,934882826562,2543714359375,2543818235937,934986750000
1623776662544509847,7c:df:a1:05:87:c7,29,44,4.420000076293945,4.5,3,0,-78,43750,5588122842187,2992644670312,2992748235937,5588226451562
1623776662544509847,7c:df:a1:05:87:c7,29,44,4.420000076293945,4.5,3,1,-78,48438,5620316842187,3024838735937,3024942235937,5620420390625
1623776662544509847,7c:df:a1:05:87:c7,29,44,4.420000076293945,4.5,3,2,-79,40625,5652483842187,3057005795312,3057110235937,5652588323437
1623776663057865228,7c:df:a1:06:b9:dd,40,57,6.110000133514404,7.5,3,0,-80,57813,887694964062,3508031965625,3508136235937,887799292187
1623776663057865228,7c:df:a1:06:b9:dd,40,57,6.110000133514404,7.5,3,1,-80,51563,919873964062,3540210995312,3540315235937,919978256250
1623776663057865228,7c:df:a1:06:b9:dd,40,57,6.110000133514404,7.5,3,2,-80,62500,952042976562,3572380042187,3572484235937,952147232812
1623776663572926169,7c:df:a1:0e:db:f1,39,55,5.849999904632568,7.5,3,0,-76,56250,650699975000,4024244229687,4024348235937,650804037500
1623776663572926169,7c:df:a1:0e:db:f1,39,55,5.849999904632568,7.5,3,1,-75,53125,682901962500,4056446245312,4056550235937,683006006250
1623776663572926169,7c:df:a1:0e:db:f1,39,55,5.849999904632568,7.5,3,2,-75,57813,715077962500,4088622278125,4088726235937,715181978125
1623776664087160819,7c:df:a1:0f:74:e9,31,46,4.679999828338623,4.5,3,0,-78,46875,2927848826562,4536686932812,4536791235937,2927953176562
1623776664087160819,7c:df:a1:0f:74:e9,31,46,4.679999828338623,4.5,3,1,-78,45313,2960023826562,4568862042187,4568966235937,2960128065625
1623776664087160819,7c:df:a1:0f:74:e9,31,46,4.679999828338623,4.5,3,2,-78,48438,2992250826562,4601089146875,4601193235937,2992354964062
1623776664599708888,7c:df:a1:05:87:c7,26,41,4.03000020980835,4.5,3,0,-78,40625,937093442187,5052505770312,5052610235937,937197948437
1623776664599708888,7c:df:a1:05:87:c7,26,41,4.03000020980835,4.5,3,1,-78,42188,969257442187,5084669837500,5084774235937,969361882812
1623776664599708888,7c:df:a1:05:87:c7,26,41,4.03000020980835,4.5,3,2,-78,42188,1001526442187,5116938898437,5117043235937,1001630821875
1623776665116018508,7c:df:a1:06:b9:dd,32,48,4.940000057220459,7.5,3,0,-79,31250,2945107976562,5565447092187,5565551235937,2945212151562
1623776665116018508,7c:df:a1:06:b9:dd,32,48,4.940000057220459,7.5,3,1,-80,59375,2977253964062,5597593117187,5597697235937,2977358142187
1623776665116018508,7c:df:a1:06:b9:dd,32,48,4.940000057220459,7.5,3,2,-80,56250,3009806964062,5630146148437,5630250235937,3009911107812
1623776665630667337,7c:df:a1:0e:db:f1,39,55,5.849999904632568,7.5,3,0,-75,54687,2706205975000,6079752160937,6079856235937,2706310104687
1623776665630667337,7c:df:a1:0e:db:f1,39,55,5.849999904632568,7.5,3,1,-75,57812,2738414962500,6111961179687,6112065235937,2738519076562
1623776665630667337,7c:df:a1:0e:db:f1,39,55,5.849999904632568,7.5,3,2,-76,53125,2770596962500,6144143209375,6144247235937,2770701042187
1623776666145594480,7c:df:a1:0f:74:e9,27,42,4.159999847412109,4.5,3,0,-78,45313,4985634826562,6594479728125,6594583235937,4985738379687
1623776666145594480,7c:df:a1:0f:74:e9,27,42,4.159999847412109,4.5,3,1,-78,40625,5017782851562,6626627857812,6626732235937,5017887270312
1623776666145594480,7c:df:a1:0f:74:e9,27,42,4.159999847412109,4.5,3,2,-78,40625,5050019826562,6658864939062,6658969235937,5050124164062
1623776666659486095,7c:df:a1:05:87:c7,27,42,4.159999847412109,4.5,3,0,-78,40625,2994152442187,398682470312,398786835937,2994256848437
1623776666659486095,7c:df:a1:05:87:c7,27,42,4.159999847412109,4.5,3,1,-78,42188,3027039442187,431569535937,431673835937,3027143784375
1623776666659486095,7c:df:a1:05:87:c7,27,42,4.159999847412109,4.5,3,2,-78,45313,3058533442187,463063601562,463167835937,3058637721875
1623776667170966289,7c:df:a1:06:b9:dd,39,56,5.980000019073486,7.5,3,0,-80,62500,5003871964062,913326839062,913430835937,5003976023437
1623776667170966289,7c:df:a1:06:b9:dd,39,56,5.980000019073486,7.5,3,1,-79,51563,5036025976562,945480881250,945584835937,5036129982812
1623776667170966289,7c:df:a1:06:b9:dd,39,56,5.980000019073486,7.5,3,2,-80,56251,5068245976562,977700918750,977804835937,5068349950000
1623776667692471146,7c:df:a1:0e:db:f1,39,56,5.980000019073486,7.5,3,0,-75,56250,4765729962500,1428391704687,1428495835937,4765834150000
1623776667692471146,7c:df:a1:0e:db:f1,39,56,5.980000019073486,7.5,3,1,-75,56250,4797030975000,1459692746875,1459796835937,4797135120312
1623776667692471146,7c:df:a1:0e:db:f1,39,56,5.980000019073486,7.5,3,2,-75,56250,4829292962500,1491954765625,1492058835937,4829397089062
1623776668205755845,7c:df:a1:0f:74:e9,31,46,4.679999828338623,4.5,3,0,-78,43751,335493451562,1944345190625,1944448835937,335597140625
1623776668205755845,7c:df:a1:0f:74:e9,31,46,4.679999828338623,4.5,3,1,-78,50000,367867426562,1976719276562,1976822835937,367971035937
1623776668205755845,7c:df:a1:0f:74:e9,31,46,4.679999828338623,4.5,3,2,-78,46875,400007426562,2008859379687,2008963835937,400111929687
1623776668720770443,7c:df:a1:05:87:c7,26,40,3.9000000953674316,4.5,3,0,-78,43750,5055388442187,2459922592187,2460026835937,5055492729687
1623776668720770443,7c:df:a1:05:87:c7,26,40,3.9000000953674316,4.5,3,1,-78,45313,5087546442187,2492080656250,2492184835937,5087650667187
1623776668720770443,7c:df:a1:05:87:c7,26,40,3.9000000953674316,4.5,3,2,-78,32813,5119781442187,2524315715625,2524419835937,5119885595312
1623776669235053767,7c:df:a1:06:b9:dd,40,57,6.110000133514404,7.5,3,0,-79,54688,353751564062,2974095026562,2974198835937,353855428125
1623776669235053767,7c:df:a1:06:b9:dd,40,57,6.110000133514404,7.5,3,1,-79,60938,385931564062,3006275060937,3006378835937,386035400000
1623776669235053767,7c:df:a1:06:b9:dd,40,57,6.110000133514404,7.5,3,2,-79,56251,418133576562,3038477106250,3038580835937,418237362500
